,Symbol,Price,Company name
0,NSE:BHARTIARTL,690.15,Bharti Airtel Limited
1,NSE:ASHOKLEY,144.5,Ashok Leyland Limited
2,NSE:AUROPHARMA,721.65,Aurobindo Pharma Limited
3,NSE:SANWARIA,0.7,Sanwaria Agro Oils Limited
4,NSE:ALMONDZ,134.7,Almondz Global Securities Limited
5,NSE:SBIN,496.65,State Bank of India
6,NSE:BPCL,462.7,Bharat Petroleum Corporation Limited
7,NSE:MBECL,6.85,McNally Bharat Engineering Company Limited
8,NSE:MAHABANK,21.4,Bank of Maharashtra
9,NSE:BOSCHLTD,17900.0,Bosch Limited
10,NSE:IDBI,63.0,IDBI Bank Limited
11,NSE:DABUR,621.8,Dabur India Limited
12,NSE:TCIDEVELOP,364.0,TCI Developers Limited
13,NSE:DRREDDY,4916.0,Dr. Reddy's Laboratories Limited
14,NSE:DPSCLTD,16.85,India Power Corporation Limited
16,NSE:MAHLIFE,282.7,Mahindra Lifespace Developers Limited
17,NSE:LPDC,4.6,Landmark Property Development Company Limited
18,NSE:KAUSHALYA,2.8,Kaushalya Infrastructure Development Corporation Limited
19,NSE:IRB,219.65,IRB Infrastructure Developers Limited
20,NSE:HDIL,5.55,Housing Development and Infrastructure Limited
21,NSE:HDFC,2810.65,Housing Development Finance Corporation Limited
22,NSE:GOENKA,1.2,Goenka Diamond and Jewels Limited
23,NSE:ENERGYDEV,11.2,Energy Development Company Limited
24,NSE:SCHNEIDER,122.85,Schneider Electric Infrastructure Limited
25,NSE:TATAELXSI,6265.0,Tata Elxsi Limited
26,NSE:SWARAJENG,1758.0,Swaraj Engines Limited
27,NSE:RECLTD,166.05,Rural Electrification Corporation Limited
28,NSE:PEL,2844.5,Piramal Enterprises Limited
32,NSE:ADANIPORTS,824.45,Adani Ports and Special Economic Zone Limited
33,NSE:OFSS,4783.05,Oracle Financial Services Software Limited
34,NSE:LICHSGFIN,452.9,LIC Housing Finance Limited
36,NSE:PFS,22.25,PTC India Financial Services Limited
37,NSE:PFC,151.25,Power Finance Corporation Limited
38,NSE:MUTHOOTFIN,1576.4,Muthoot Finance Limited
41,NSE:FACT,127.6,The Fertilisers And Chemicals Travancore Limited
43,NSE:GSPL,320.75,Gujarat State Petronet Limited
44,NSE:GAIL,162.5,GAIL (India) Limited
45,NSE:POWERGRID,207.15,Power Grid Corporation of India Limited
46,NSE:VHL,3209.0,Vardhman Holdings Limited
47,NSE:HINDUNILVR,2676.05,Hindustan Unilever Limited
48,NSE:HINDPETRO,336.75,Hindustan Petroleum Corporation Limited
49,NSE:HCC,10.75,Hindustan Construction Company Limited
50,NSE:HIRECT,190.95,Hind Rectifiers Limited
52,NSE:ROHLTD,93.35,Royal Orchid Hotels Limited
53,NSE:JUBLINDS,530.0,Jubilant Industries Limited
54,NSE:JISLJALEQS,51.75,Jain Irrigation Systems Limited
58,NSE:JYOTHYLAB,163.25,Jyothy Laboratories Limited
59,NSE:JUBLFOOD,4350.0,Jubilant FoodWorks Limited
61,NSE:JSWSTEEL,713.5,JSW Steel Limited
62,NSE:JPPOWER,5.45,Jaiprakash Power Ventures Limited
63,NSE:JPOLYINVST,131.25,Jindal Poly Investment and Finance Company Limited
64,NSE:JKTYRE,153.25,JK Tyre & Industries Limited
65,NSE:JKPAPER,253.75,JK Paper Limited
66,NSE:JISLDVREQS,29.65,Jain Irrigation Systems Limited
67,NSE:JINDCOT,3.7,Jindal Cotex Limited
68,NSE:JINDALSAW,124.85,Jindal Saw Limited
69,NSE:JBFIND,24.45,JBF Industries Limited
71,NSE:JAGRAN,62.5,Jagran Prakashan Limited
74,NSE:JAMNAAUTO,99.3,Jamna Auto Industries Limited
75,NSE:JAICORPLTD,138.8,Jai Corp Limited
76,NSE:JMA,71.05,Jullundur Motor Agency (Delhi) Limited
78,NSE:JUSTDIAL,927.35,Just Dial Limited
79,NSE:JKIL,178.55,J. Kumar Infraprojects Limited
80,NSE:J&KBANK,41.15,The Jammu and Kashmir Bank Limited
86,NSE:PCJEWELLER,30.0,PC Jeweller Limited
89,NSE:JSWENERGY,397.0,JSW Energy Limited
91,NSE:JKCEMENT,3498.05,J.K. Cement Limited
94,NSE:JUNIORBEES,471.27,Goldman Sachs Junior BeES ETF
96,NSE:JINDALPHOT,163.0,Jindal Photo Limited
98,NSE:JAYAGROGN,253.6,Jayant Agro-Organics Limited
99,NSE:JAIBALAJI,56.1,Jai Balaji Industries Limited
100,NSE:JINDWORLD,115.7,Jindal Worldwide Limited
103,NSE:JSWHL,4787.55,JSW Holdings Limited
105,NSE:KPRMILL,466.35,K.P.R. Mill Limited
107,NSE:KOTAKBANK,2038.0,Kotak Mahindra Bank Limited
111,NSE:KSCL,554.85,Kaveri Seed Company Limited
112,NSE:KOTHARIPRO,110.5,Kothari Products Limited
113,NSE:KOTARISUG,35.2,Kothari Sugars and Chemicals Limited
114,NSE:KOPRAN,218.8,Kopran Limited
115,NSE:KNRCON,310.15,KNR Constructions Limited
116,NSE:KITEX,166.7,Kitex Garments Limited
117,NSE:KIRLOSENG,222.0,Kirloskar Oil Engines Limited
121,NSE:KEC,464.65,KEC International Limited
122,NSE:KCPSUGIND,23.65,K.C.P. Sugar and Industries Corporation Limited
123,NSE:EKC,124.0,Everest Kanto Cylinder Limited
124,NSE:KSL,403.45,Kalyani Steels Limited
125,NSE:KANSAINER,608.25,Kansai Nerolac Paints Limited
128,NSE:MRF,85290.0,MRF Limited
129,NSE:TATASTEEL,1409.15,Tata Steel Limited
130,NSE:RELIANCE,2702.35,Reliance Industries Limited
131,NSE:NOCIL,308.8,NOCIL Limited
132,NSE:ICIL,291.35,Indo Count Industries Limited
133,NSE:TCS,3633.9,Tata Consultancy Services Limited
135,NSE:SASKEN,1388.3,Sasken Technologies Limited
136,NSE:RELINFRA,99.5,Reliance Infrastructure Limited
137,NSE:PRAJIND,335.95,Praj Industries Limited
139,NSE:MARUTI,7671.6,Maruti Suzuki India Limited
140,NSE:LUPIN,940.95,Lupin Limited
143,NSE:YESBANK,14.15,Yes Bank Limited
144,NSE:XPROINDIA,669.0,Xpro India Limited
145,NSE:VOLTAS,1342.75,Voltas Limited
146,NSE:VISAKAIND,682.0,Visaka Industries Limited
148,NSE:UFO,105.85,UFO Moviez India Limited
149,NSE:UFLEX,644.0,Uflex Limited
150,NSE:TV18BRDCST,48.05,TV18 Broadcast Limited
151,NSE:TRIGYN,130.05,Trigyn Technologies Limited
152,NSE:TRENT,1175.2,Trent Limited
153,NSE:TIDEWATER,1792.25,"Tide Water Oil Co. (India), Ltd."
154,NSE:TECHM,1443.7,Tech Mahindra Limited
155,NSE:TATAMOTORS,522.4,Tata Motors Limited
156,NSE:TATACHEM,1123.4,Tata Chemicals Limited
157,NSE:SUNPHARMA,841.95,Sun Pharmaceutical Industries Limited
159,NSE:SUBROS,357.25,Subros
160,NSE:SOUTHBANK,10.6,The South Indian Bank Limited
161,NSE:SKFINDIA,3269.85,SKF India Limited
162,NSE:SIEMENS,2282.1,Siemens Limited
164,NSE:MINDTREE,4747.95,Mindtree Limited
165,NSE:MINDAIND,788.0,Minda Industries Limited
166,NSE:MEGASOFT,18.85,Megasoft Limited
167,NSE:MCDOWELL-N,889.5,UNITED SPIRITS INR10
168,NSE:MAGNUM,8.1,Magnum Ventures Limited
169,NSE:SABTN,2.6,Sri Adhikari Brothers Television Network Limited
170,NSE:PNC,41.55,Pritish Nandy Communications Ltd
171,NSE:NTPC,150.85,NTPC Limited
172,NSE:NCLIND,249.65,NCL Industries Limited
173,NSE:NBCC,49.6,NBCC (India) Limited
174,NSE:UNITEDTEA,415.1,The United Nilgiri Tea Estates Company Limited
175,NSE:RAMANEWS,20.55,Shree Rama Newsprint Limited
176,NSE:NMDC,156.65,NMDC Limited
177,NSE:NIITLTD,358.35,NIIT Limited
178,NSE:NHPC,33.5,NHPC Limited
179,NSE:NELCO,915.0,Nelco Limited
180,NSE:NELCAST,91.05,Nelcast Limited
181,NSE:NECCLTD,18.95,North Eastern Carrying Corporation Limited
182,NSE:CONCOR,691.75,Container Corporation of India Limited
183,NSE:UNIONBANK,46.95,Union Bank of India
187,NSE:OMAXE,81.75,Omaxe Limited
188,NSE:OMAXAUTO,48.85,Omax Autos Limited
189,NSE:OIL,239.0,Oil India Limited
190,NSE:OBEROIRLTY,962.15,Oberoi Realty Limited
191,NSE:MCX,1980.0,Multi Commodity Exchange of India Limited
193,NSE:LAOPALA,312.15,La Opala RG Limited
195,NSE:BANKINDIA,61.1,Bank of India Limited
196,NSE:BANG,36.7,Bang Overseas Limited
197,NSE:ABAN,67.05,Aban Offshore Limited
198,NSE:ONWARDTEC,225.0,Onward Technologies Limited
201,NSE:TCI,468.35,Transport Corporation of India Limited
202,NSE:ORIENTBELL,360.35,Orient Bell Limited
206,NSE:QUINTEGRA,1.05,Quintegra Solutions Limited
207,NSE:QUICKHEAL,234.35,Quick Heal Technologies Limited
208,NSE:QGOLDHALF,2038.0,Quantum Gold ETF
210,NSE:QNIFTY,1926.0,Quantum Index ETF
212,NSE:INDOCO,487.65,Indoco Remedies Limited
214,NSE:TEXRAIL,37.0,Texmaco Rail & Engineering Limited
216,NSE:UTTAMSTL,4.35,Uttam Galva Steels Limited
217,NSE:USHAMART,91.5,Usha Martin Limited
218,NSE:UNITECH,1.8,Unitech Limited
220,NSE:UNIENTER,129.2,Uniphos Enterprises Ltd.
221,NSE:UMESLTD,4.0,Usha Martin Education & Solutions Limited
222,NSE:UGARSUGAR,29.35,The Ugar Sugar Works Limited
223,NSE:CUB,171.2,City Union Bank Limited
224,NSE:BVCL,23.0,Barak Valley Cements Limited
225,NSE:VSTTILLERS,3274.0,V.S.T. Tillers Tractors Limited
226,NSE:VSTIND,3824.7,VST Industries Limited
227,NSE:VOLTAMP,1480.0,Voltamp Transformers Limited
229,NSE:VIPIND,575.0,VIP Industries Limited
230,NSE:VIMTALABS,305.15,Vimta Labs Limited
234,NSE:HMVL,79.7,Hindustan Media Ventures Limited
235,NSE:VLSFINANCE,201.65,VLS Finance Limited
248,NSE:VMART,4337.8,V-Mart Retail Limited
249,NSE:GEECEE,159.45,GeeCee Ventures Limited
250,NSE:VINYLINDIA,293.95,Vinyl Chemicals India Ltd.
251,NSE:GNFC,481.8,Gujarat Narmada Valley Fertilizers & Chemicals Limited
253,NSE:VESUVIUS,1196.0,Vesuvius India Limited
254,NSE:VAIBHAVGBL,728.95,Vaibhav Global Limited
256,NSE:VADILALIND,1091.0,Vadilal Industries Limited
259,NSE:VASWANI,18.8,Vaswani Industries Limited
261,NSE:WIPRO,717.2,Wipro Limited
262,NSE:WANBURY,84.0,Wanbury Limited
267,NSE:WELSPUNIND,157.8,Welspun India Limited
268,NSE:WEBELSOLAR,82.9,Websol Energy System Limited
270,NSE:WABCOINDIA,7750.0,Wabco India Limited
276,NSE:WOCKPHARMA,486.3,Wockhardt Limited
280,NSE:WHIRLPOOL,2438.15,Whirlpool of India Limited
281,NSE:WILLAMAGOR,25.05,Williamson Magor & Co. Limited
282,NSE:WENDT,4438.95,Wendt (India) Limited
283,NSE:ZYDUSWELL,2323.0,Zydus Wellness Limited
284,NSE:WSTCSTPAPR,274.7,West Coast Paper Mills Limited
286,NSE:WELENT,101.75,Welspun Enterprises Limited
287,NSE:SSWL,1859.0,Steel Strips Wheels Limited
288,NSE:WONDERLA,249.35,Wonderla Holidays Limited
291,NSE:XCHANGING,113.8,Xchanging Solutions Limited
299,NSE:HINDZINC,386.0,Hindustan Zinc Limited
301,NSE:ZENITHEXPO,95.0,Zenith Exports Limited
305,NSE:TBZ,89.5,Tribhovandas Bhimji Zaveri Limited
306,NSE:ZEEL,316.45,Zee Entertainment Enterprises Limited
307,NSE:ZUARIGLOB,136.05,Zuari Global Limited
310,NSE:ZEEMEDIA,13.0,Zee Media Corporation Limited
312,NSE:ZUARI,125.1,Zuari Agro Chemicals Limited
313,NSE:ZEELEARN,14.3,Zee Learn Limited
314,NSE:ZENTEC,226.2,Zen Technologies Limited
319,NSE:ZENSARTECH,513.85,Zensar Technologies Limited
321,NSE:ZODIACLOTH,119.0,Zodiac Clothing Company Limited
323,NSE:ZICOM,1.6,Zicom Electronic Security Systems Limited
324,NSE:AARVEEDEN,27.1,Aarvee Denims and Exports Limited
327,NSE:AARTIIND,1110.6,Aarti Industries Limited
328,NSE:AARTIDRUGS,630.65,Aarti Drugs Limited
329,NSE:ABB,1852.0,ABB India Limited
332,NSE:ABFRL,267.9,Aditya Birla Fashion and Retail Limited
336,NSE:ORIENTABRA,30.25,Orient Abrasives Limited
339,NSE:ABBOTINDIA,21584.05,Abbott India Limited
341,NSE:IMPAL,792.0,India Motor Parts and Accessories Limited
343,NSE:ACCELYA,1409.4,Accelya Kale Solutions Limited
346,NSE:ACE,261.8,Action Construction Equipment Limited
349,NSE:TREEHOUSE,9.5,Tree House Education & Accessories Limited
350,NSE:ACC,2303.25,ACC Limited
353,NSE:VARDHACRLC,69.95,Vardhman Acrylics Limited
356,NSE:ADSL,90.05,Allied Digital Services Ltd
358,NSE:ADANITRANS,1716.05,Adani Transmissions Limited
359,NSE:ADANIENT,1631.9,Adani Enterprises Limited
360,NSE:ADVANIHOTR,83.55,Advani Hotels & Resorts (India) Limited
362,NSE:ONELIFECAP,19.0,Onelife Capital Advisors Limited
366,NSE:PRESSMN,29.75,Pressman Advertising Limited
371,NSE:ADORWELD,717.0,Ador Welding Limited
373,NSE:BIRLAMONEY,66.35,Aditya Birla Money Limited
374,NSE:ADANIPOWER,123.2,Adani Power Limited
375,NSE:SPARC,300.6,Sun Pharma Advanced Research Company Limited
379,NSE:AEGISCHEM,228.95,Aegis Logistics Limited
383,NSE:ARIES,152.45,Aries Agro Limited
385,NSE:IFBAGRO,706.85,IFB Agro Industries Limited
387,NSE:ATFL,1052.9,Agro Tech Foods Limited
389,NSE:AGCNET,993.5,AGC Networks Limited
391,NSE:AGRITECH,74.0,Agri-Tech (India) Ltd
401,NSE:AGARIND,373.95,Agarwal Industrial Corporation Ltd.
404,NSE:GOKULAGRO,43.25,Gokul Agro Resources Limited
405,NSE:HATSUN,1474.6,Hatsun Agro Product Limited
406,NSE:DHANUKA,829.1,Dhanuka Agritech Limited
410,NSE:NATNLSTEEL,5.5,National Steel and Agro Industries Limited
411,NSE:AHLWEST,277.35,Asian Hotels (West) Limited
418,NSE:AHLUCONT,360.35,Ahluwalia Contracts (India) Limited
419,NSE:AHLEAST,188.7,Asian Hotels (East) Limited
423,NSE:AIAENG,1915.25,AIA Engineering Limited
425,NSE:JETAIRWAYS,99.9,Jet Airways (India) Limited
430,NSE:AJMERA,354.9,Ajmera Realty & Infra India Limited
431,NSE:AJANTPHARM,2224.05,Ajanta Pharma Limited
432,NSE:AKZOINDIA,2228.0,Akzo Nobel India Limited
434,NSE:AKSHOPTFBR,9.1,Aksh Optifibre Limited
435,NSE:ALLSEC,480.05,Allsec Technologies Limited
437,NSE:ALKEM,3898.0,Alkem Laboratories Limited
439,NSE:GUJALKALI,813.9,Gujarat Alkalies and Chemicals Limited
443,NSE:IMFA,783.0,Indian Metals and Ferro Alloys Limited
444,NSE:SALSTEEL,10.0,S.A.L. Steel Limited
445,NSE:ALICON,800.7,Alicon Castalloy Limited
450,NSE:APLLTD,811.1,Alembic Pharmaceuticals Limited
452,NSE:SHAHALLOYS,34.0,Shah Alloys Limited
455,NSE:ALKALI,94.6,Alkali Metals Limited
456,NSE:ALANKIT,17.8,Alankit Limited
458,NSE:ALEMBICLTD,113.75,Alembic Limited
459,NSE:NATIONALUM,115.4,National Aluminium Company Limited
460,NSE:ALLCARGO,283.25,Allcargo Logistics Limited
461,NSE:MAITHANALL,1121.3,Maithan Alloys Limited
462,NSE:GAL,2.4,Gyscoal Alloys Limited
464,NSE:ALPA,53.85,Alpa Laboratories Limited
467,NSE:MANAKALUCO,20.2,MANAKSIA ALUMINIUM INR1
470,NSE:MAANALU,143.0,Maan Aluminium Limited
471,NSE:ALCHEM,3.15,Alchemist Limited
476,NSE:ALPSINDUS,3.75,Alps Industries Limited
479,NSE:ALKYLAMINE,4007.75,Alkyl Amines Chemicals Limited
481,NSE:ALPHAGEO,439.15,Alphageo (India) Limited
483,NSE:GAEL,178.35,Gujarat Ambuja Exports Limited
484,NSE:BANARISUG,2367.0,Bannari Amman Sugars Limited
486,NSE:AMBIKCO,1991.1,Ambika Cotton Mills Limited
492,NSE:BASML,61.7,Bannari Amman Spinning Mills Limited
494,NSE:AMBUJACEM,412.8,Ambuja Cements Limited
496,NSE:AMDIND,33.85,AMD Industries Limited
498,NSE:AMRUTANJAN,962.4,Amrutanjan Health Care Limited
500,NSE:BALAMINES,4504.0,Balaji Amines Limited
501,NSE:AMARAJABAT,749.9,Amara Raja Batteries Limited
505,NSE:MRPL,52.25,Mangalore Refinery and Petrochemicals Limited
506,NSE:LOTUSEYE,43.65,Lotus Eye Hospital and Institute Limited
507,NSE:IOLCP,611.0,IOL Chemicals and Pharmaceuticals Limited
508,NSE:ANSALAPI,11.0,Ansal Properties & Infrastructure Limited
509,NSE:ANIKINDS,22.3,Anik Industries Limited
510,NSE:ANANTRAJ,73.1,Anant Raj Limited
516,NSE:DALMIASUG,453.0,Dalmia Bharat Sugar and Industries Limited
520,NSE:ANDHRACEMT,15.75,Andhra Cements Limited
522,NSE:SESHAPAPER,184.5,Seshasayee Paper and Boards Limited
524,NSE:RCF,83.9,Rashtriya Chemicals And Fertilizers Limited
525,NSE:TAINWALCHM,76.95,Tainwala Chemicals and Plastics (India) Limited
526,NSE:EUROTEXIND,13.55,Eurotex Industries and Exports Limited
529,NSE:MADHAV,61.05,Madhav Marbles and Granites Limited
530,NSE:ANTGRAPHIC,0.75,Antarctica Limited
531,NSE:SUTLEJTEX,68.65,Sutlej Textiles and Industries Limited
538,NSE:ANKITMETAL,3.0,Ankit Metal & Power Limited
540,NSE:BALMLAWRIE,131.65,Balmer Lawrie & Co. Limited
544,NSE:CHOLAFIN,607.1,Cholamandalam Investment and Finance Company Limited
545,NSE:VETO,118.0,Veto Switchgears and Cables Limited
546,NSE:PGHH,13921.6,Procter & Gamble Hygiene and Health Care Limited
551,NSE:SDBL,47.0,Som Distilleries & Breweries Limited
553,NSE:OISL,1.85,OCL Iron & Steel Limited
554,NSE:DEEPAKFERT,444.5,Deepak Fertilisers And Petrochemicals Corporation Limited
555,NSE:ANSALHSG,6.5,Ansal Housing & Construction Limited
562,NSE:SURANAT&P,10.5,Surana Telecom and Power Limited
564,NSE:ANDHRSUGAR,667.9,The Andhra Sugars Limited
567,NSE:CARERATING,704.9,CARE Ratings Limited
571,NSE:BLKASHYAP,29.35,B.L. Kashyap and Sons Limited
572,NSE:COX&KINGS,1.6,Cox & Kings Limited
574,NSE:TGBHOTELS,12.05,TGB Banquets And Hotels Limited
578,NSE:WELINV,321.8,Welspun Investments and Commercials Limited
579,NSE:APTECHT,307.5,Aptech Limited
580,NSE:APOLSINHOT,886.55,Apollo Sindoori Hotels Limited
581,NSE:APLAPOLLO,838.7,APL Apollo Tubes Limited
582,NSE:APARINDS,708.15,Apar Industries Limited
587,NSE:APOLLOTYRE,241.7,Apollo Tyres Limited
588,NSE:APCOTEXIND,423.75,Apcotex Industries Limited
589,NSE:APOLLOHOSP,4392.0,Apollo Hospitals Enterprise Limited
590,NSE:BUTTERFLY,998.9,Butterfly Gandhimathi Appliances Limited
593,NSE:GUJAPOLLO,213.35,Gujarat Apollo Industries Limited
599,NSE:ARSHIYA,35.6,Arshiya Limited
600,NSE:ARSSINFRA,30.7,ARSS Infrastructure Projects Limited
601,NSE:ARIHANT,26.2,Arihant Foundations & Housing Limited
602,NSE:ARCHIES,18.35,Archies Limited
603,NSE:ARCHIDPLY,32.75,Archidply Industries Limited
613,NSE:AROGRANITE,63.7,Aro Granite Industries Limited
616,NSE:INTELLECT,717.0,Intellect Design Arena Limited
617,NSE:ARCOTECH,2.2,Arcotech Limited
618,NSE:ARVIND,123.3,Arvind Limited
620,NSE:MUKTAARTS,40.95,Mukta Arts Limited
626,NSE:GILLANDERS,56.6,Gillanders Arbuthnot and Company Limited
628,NSE:ASIANPAINT,3246.05,Asian Paints Limited
629,NSE:ASTEC,1278.95,Astec LifeSciences Limited
631,NSE:ASAL,90.05,Automotive Stampings and Assemblies Limited
632,NSE:EIHAHOTELS,424.15,EIH Associated Hotels Limited
634,NSE:ASIANHOTNR,89.55,Asian Hotels (North) Limited
636,NSE:ASHAPURMIN,123.25,Ashapura Minechem Limited
637,NSE:ASTRAMICRO,208.0,Astra Microwave Products Limited
647,NSE:ASTRAZEN,3131.55,AstraZeneca Pharma India Limited
649,NSE:ASTRAL,2326.9,Astral Poly Technik Limited
650,NSE:JPASSOCIAT,10.25,Jaiprakash Associates Limited
654,NSE:INFRABEES,553.19,RELIANCE NIPPON LI RELIANCE ETF
657,NSE:ASAHISONG,352.25,Asahi Songwon Colors Limited
658,NSE:ASHIANA,187.35,Ashiana Housing Limited
664,NSE:ASHIMASYN,19.5,Ashima Limited
667,NSE:ASIANTILES,151.0,Asian Granito India Limited
673,NSE:ASAHIINDIA,386.75,Asahi India Glass Limited
675,NSE:ASHOKA,120.0,Ashoka Buildcon Limited
676,NSE:ATUL,10658.45,Atul Ltd
679,NSE:ATLASCYCLE,28.85,Atlas Cycles (Haryana) Limited
680,NSE:ATNINTER,0.2,ATN International Ltd.
681,NSE:ATULAUTO,241.1,Atul Auto Limited
682,NSE:ATLANTA,13.45,Atlanta Limited
684,NSE:BAJAJ-AUTO,3935.75,Bajaj Auto Limited
685,NSE:MUNJALAU,61.95,Munjal Auto Industries Limited
686,NSE:AUTOLITIND,15.5,Autolite (India) Limited
689,NSE:PPAP,260.4,PPAP Automotive Limited
690,NSE:LUMAXTECH,144.5,Lumax Auto Technologies Limited
692,NSE:INDIGO,2067.25,InterGlobe Aviation Limited
693,NSE:AVTNPL,89.75,AVT Natural Products Limited
695,NSE:AVANTIFEED,567.25,AVANTI FEEDS INR2
698,NSE:AXISBANK,807.05,Axis Bank Limited
700,NSE:AXISCADES,95.25,AXISCADES Engineering Technologies Limited
702,NSE:AXISGOLD,41.0,Axis Gold ETF
703,NSE:AUTOAXLES,1387.05,Automotive Axles Limited
704,NSE:AYMSYNTEX,110.2,AYM Syntex Limited
705,NSE:ICICIBANK,746.3,ICICI Bank Limited
706,NSE:CANBK,197.8,Canara Bank
707,NSE:BALLARPUR,1.25,Ballarpur Industries Limited
708,NSE:INDIANB,171.75,Indian Bank
710,NSE:HDFCBANK,1677.3,HDFC Bank Limited
712,NSE:BASF,3730.0,BASF India Limited
714,NSE:BAGFILMS,3.15,B.A.G. Films and Media Limited
717,NSE:BANKBEES,399.5,Goldman Sachs Bank BeES ETF
720,NSE:PSUBNKBEES,30.35,Goldman Sachs PSU Bank BeES ETF
722,NSE:BAJFINANCE,7878.8,Bajaj Finance Limited
724,NSE:BBL,1383.55,Bharat Bijlee Limited
727,NSE:BBTC,1152.5,"The Bombay Burmah Trading Corporation, Limited"
731,NSE:BEML,1689.9,BEML Limited
742,NSE:BEDMUTHA,54.0,Bedmutha Industries Limited
744,NSE:BERGEPAINT,836.7,Berger Paints India Limited
750,NSE:NRBBEARING,146.45,NRB Bearings Limited
753,NSE:NIBL,28.5,NRB Industrial Bearings Limited
757,NSE:MENONBE,84.0,Menon Bearings Limited
759,NSE:BEL,218.4,Bharat Electronics Limited
760,NSE:NIFTYBEES,198.88,Goldman Sachs Nifty BeES ETF
761,NSE:LIQUIDBEES,1000.01,Goldman Sachs Liquid BeES ETF
762,NSE:SHARIABEES,456.74,Goldman Sachs Shariah BeES ETF
763,NSE:GOLDBEES,41.03,Goldman Sachs Gold BeES ETF
764,NSE:BANARBEADS,79.15,Banaras Beads Limited
766,NSE:HNGSNGBEES,324.0,Goldman Sachs Hang Seng BeES ETF
767,NSE:BFUTILITIE,465.75,BF Utilities Limited
768,NSE:BFINVEST,378.1,BF Investment Limited
771,NSE:BGRENERGY,73.35,BGR Energy Systems Limited
775,NSE:BGLOBAL,2.7,Bharatiya Global Infomedia Limited
777,NSE:BHEL,74.4,Bharat Heavy Electricals Limited
781,NSE:BHARATFORG,805.1,Bharat Forge Limited
785,NSE:BHARATGEAR,178.55,Bharat Gears Limited
786,NSE:JAYBARMARU,217.1,Jay Bharat Maruti Limited
787,NSE:BHAGERIA,299.0,BHAGERIA INDUSTRIE INR5
789,NSE:BHARATRAS,12150.0,Bharat Rasayan Limited
790,NSE:BEPL,201.7,Bhansali Engineering Polymers Limited
791,NSE:BHARATWIRE,65.4,Bharat Wire Ropes Limited
792,NSE:BIL,225.35,Bhartiya International Limited
793,NSE:NBVENTURES,126.55,Nava Bharat Ventures Limited
797,NSE:BIOCON,342.25,Biocon Limited
803,NSE:BSLNIFTY,209.0,Birla Sun Life Nifty ETF
805,NSE:NATHBIOGEN,325.35,Nath Bio-Genes (India) Limited
807,NSE:BINDALAGRO,24.05,Oswal Greentech Limited
808,NSE:BILENERGY,0.6,Bil Energy Systems Limited
812,NSE:BSLGOLDETF,4320.0,Birla Sun Life Gold ETF
820,NSE:PANACEABIO,270.25,Panacea Biotec Limited
830,NSE:GUFICBIO,194.85,Gufic Biosciences Limited
831,NSE:BIRLACORPN,1415.85,Birla Corporation Limited
832,NSE:HESTERBIO,2546.8,Hester Biosciences Limited
836,NSE:BLBLIMITED,12.35,BLB Limited
837,NSE:PHILIPCARB,249.55,Phillips Carbon Black Limited
838,NSE:BLUEDART,6483.5,Blue Dart Express Limited
839,NSE:BLUECOAST,5.9,Blue Coast Hotels Limited
841,NSE:BLISSGVS,111.55,Bliss Gvs Pharma Limited
843,NSE:BLUECHIP,0.45,Blue Chip India Limited
849,NSE:BLUESTARCO,915.95,Blue Star Limited
856,NSE:BODALCHEM,141.0,Bodal Chemicals Limited
860,NSE:BOMDYEING,102.6,The Bombay Dyeing and Manufacturing Company Limited
862,NSE:GENUSPAPER,13.0,Genus Paper & Boards Limited
863,NSE:CEBBCO,34.25,Commercial Engineers & Body Builders Co Limited
865,NSE:BRFL,7.3,Bombay Rayon Fashions Limited
867,NSE:BPL,137.15,BPL Limited
869,NSE:DBSTOCKBRO,18.1,DB (International) Stock Brokers Ltd
870,NSE:UBL,1702.0,United Breweries Limited
871,NSE:SUNDRMBRAK,417.2,Sundaram Brake Linings Limited
873,NSE:KIRLOSBROS,400.0,Kirloskar Brothers Limited
875,NSE:BROOKS,131.45,Brooks Laboratories Limited
876,NSE:RBL,915.0,Rane Brake Lining Limited
878,NSE:NOIDATOLL,7.15,Noida Toll Bridge Company Limited
884,NSE:BSL,82.5,BSL Limited
885,NSE:BURNPUR,4.0,Burnpur Cement Limited
890,NSE:BYKE,36.15,THE BYKE HOSPITALI INR10
893,NSE:GOACARBON,393.8,Goa Carbon Limited
894,NSE:ELECTCAST,37.0,Electrosteel Castings Limited
895,NSE:CASTROLIND,148.4,Castrol India Limited
896,NSE:CANDC,3.3,C & C Constructions Limited
897,NSE:CADILAHC,536.1,Cadila Healthcare Limited
902,NSE:CCCL,0.45,Consolidated Construction Consortium Limited
903,NSE:CCHHL,7.35,Country Club Hospitality & Holidays Limited
905,NSE:CCL,412.45,CCL Products (India) Limited
906,NSE:IDEA,10.65,Idea Cellular Limited
908,NSE:ITDCEM,94.55,ITD Cementation India Limited
910,NSE:CESC,94.5,CESC Limited
911,NSE:CERA,6266.05,Cera Sanitaryware Limited
912,NSE:CEATLTD,1368.55,CEAT Limited
914,NSE:RAMCOCEM,1007.75,The Ramco Cements Limited
917,NSE:CENTEXT,9.35,Century Extrusions Limited
920,NSE:ULTRACEMCO,7455.1,UltraTech Cement Limited
922,NSE:KOVAI,1683.15,Kovai Medical Center & Hospital Ltd.
924,NSE:MANGLMCEM,446.0,Mangalam Cement Limited
926,NSE:CEREBRAINT,54.2,Cerebra Integrated Technologies Limited
927,NSE:SOMANYCERA,839.95,Somany Ceramics Limited
930,NSE:SHREECEM,28086.65,Shree Cement Limited
931,NSE:KAKATCEM,256.7,Kakatiya Cement Sugar and Industries Limited
933,NSE:GSCLCEMENT,52.1,Gujarat Sidhee Cement Limited
934,NSE:CENTURYPLY,551.5,Century Plyboards (India) Limited
935,NSE:ORIENTCEM,163.9,Orient Cement Limited
939,NSE:MURUDCERA,28.0,Murudeshwar Ceramics Limited
942,NSE:CENTRALBK,23.55,Central Bank of India
943,NSE:REGENCERAM,1.85,Regency Ceramics Limited
944,NSE:SHYAMCENT,14.4,SHYAM CENTURY FERR INR1
945,NSE:CENTURYTEX,950.5,Century Textiles and Industries Limited
949,NSE:JKLAKSHMI,628.5,JK Lakshmi Cement Limited
950,NSE:CELEBRITY,10.55,Celebrity Fashions Limited
951,NSE:DECCANCE,780.2,Deccan Cements Limited
952,NSE:CENTUM,562.0,Centum Electronics Limited
953,NSE:CENTENKA,463.8,Century Enka Limited
955,NSE:INDIACEM,223.3,The India Cements Limited
956,NSE:KAJARIACER,1310.55,Kajaria Ceramics Limited
958,NSE:CGCL,520.2,Capri Global Capital Limited
959,NSE:SUDARSCHEM,668.6,Sudarshan Chemical Industries Limited
960,NSE:CLNINDIA,608.0,Clariant Chemicals (India) Limited
961,NSE:CHROMATIC,0.9,Chromatic India Limited
962,NSE:RAJSREESUG,27.5,Rajshree Sugars and Chemicals Limited
966,NSE:TIRUMALCHM,282.0,Thirumalai Chemicals Limited
973,NSE:CIPLA,905.8,Cipla Limited
974,NSE:CIGNITITEC,613.0,CIGNITI TECHNOLOGI INR10
976,NSE:CINEVISTA,15.9,Cinevista Limited
977,NSE:MAHINDCIE,271.95,Mahindra CIE Automotive Limited
979,NSE:OPTOCIRCUI,3.35,Opto Circuits (India) Ltd
981,NSE:CINELINE,129.85,Cineline India Limited
982,NSE:SHRIRAMCIT,2233.45,Shriram City Union Finance Limited
990,NSE:INDIANCARD,179.9,The Indian Card Clothing Company Limited
992,NSE:KKCL,1044.3,Kewal Kiran Clothing Limited
1001,NSE:CPSEETF,32.68,Goldman Sachs CPSE ETF
1003,NSE:GANESHHOUC,222.85,Ganesh Housing Corporation Limited
1012,NSE:CREATIVEYE,3.85,Creative Eye Limited
1014,NSE:CRISIL,3019.2,CRISIL Limited
1017,NSE:SHARDACROP,320.15,Sharda Cropchem Limited
1020,NSE:SATIN,78.3,Satin Creditcare Network Limited
1021,NSE:PUNJABCHEM,1536.0,Punjab Chemicals and Crop Protection Limited
1023,NSE:CREST,123.15,Crest Ventures Limited
1024,NSE:BAYERCROP,5246.45,Bayer CropScience Limited
1028,NSE:CTE,63.7,Cambridge Technology Enterprises Limited
1031,NSE:CURATECH,1.6,CURA Technologies Limited
1032,NSE:CUBEXTUB,24.05,Cubex Tubings Limited
1036,NSE:CUMMINSIND,926.15,Cummins India Limited
1037,NSE:CYBERTECH,177.0,CyberTech Systems and Software Limited
1038,NSE:CYBERMEDIA,10.15,Cyber Media (India) Limited
1042,NSE:CYIENT,1178.0,Cyient Limited
1043,NSE:COFFEEDAY,39.2,Coffee Day Enterprises Limited
1045,NSE:HATHWAY,27.3,Hathway Cable & Datacom Limited
1049,NSE:UMANGDAIRY,80.05,UMANG DAIRIES INR5
1050,NSE:DAAWAT,72.55,LT Foods Limited
1053,NSE:DATAMATICS,353.5,Datamatics Global Services Limited
1054,NSE:DBREALTY,41.3,DB Realty Ltd
1056,NSE:DBCORP,97.75,D. B. Corp Limited
1057,NSE:DCW,52.45,DCW Limited
1059,NSE:DCM,53.4,DCM Limited
1060,NSE:DCBBANK,94.6,DCB Bank Limited
1061,NSE:DCMSHRIRAM,1208.3,DCM Shriram Limited
1064,NSE:DELTACORP,295.25,Delta Corp Limited
1066,NSE:HIL,5230.0,HIL Limited
1067,NSE:NDL,76.0,Nandan Denim Limited
1068,NSE:DHUNINV,639.15,Dhunseri Investments Limited
1069,NSE:DTIL,288.65,DHUNSERI TEA & IND INR10
1070,NSE:DHARSUGAR,20.45,Dharani Sugars and Chemicals Limited
1074,NSE:DHAMPURSUG,328.35,Dhampur Sugar Mills Limited
1076,NSE:DHANBANK,17.0,Dhanlaxmi Bank Limited
1077,NSE:DISHTV,18.5,Dish TV India Limited
1078,NSE:DIAPOWER,1.55,Diamond Power Infrastructure Limited
1082,NSE:GDL,284.3,Gateway Distriparks Limited
1085,NSE:RKDL,14.3,Ravi Kumar Distilleries Limited
1090,NSE:DICIND,467.0,DIC India Limited
1091,NSE:PIONDIST,181.0,Pioneer Distilleries Limited
1093,NSE:DIVISLAB,5338.75,Divi's Laboratories Limited
1094,NSE:DLF,440.0,DLF Limited
1095,NSE:DLINKINDIA,145.95,D-Link (India) Limited
1096,NSE:DONEAR,59.4,Donear Industries Limited
1102,NSE:DQE,0.9,DQ Entertainment (International) Limited
1105,NSE:PDPL,2.95,Parenteral Drugs (India) Limited
1109,NSE:KILITCH,167.1,Kilitch Drugs (India) Limited
1112,NSE:LALPATHLAB,3672.65,Dr. Lal PathLabs Limited
1113,NSE:MANGALAM,142.1,Mangalam Drugs & Organics Limited
1115,NSE:DREDGECORP,379.0,Dredging Corporation of India Limited
1117,NSE:JINDRILL,153.25,Jindal Drilling & Industries Limited
1121,NSE:DSSL,169.25,Dynacons Systems & Solutions Limited
1127,NSE:DWARKESH,75.7,Dwarikesh Sugar Industries Limited
1132,NSE:DYNAMATECH,2791.05,Dynamatic Technologies Limited
1135,NSE:GESHIP,357.15,The Great Eastern Shipping Company Limited
1138,NSE:EASUNREYRL,2.95,Easun Reyrolle Limited
1139,NSE:EASTSILK,5.25,Eastern Silk Industries Limited
1140,NSE:EBANK,3890.0,Edelweiss ETF - Nifty Bank
1141,NSE:ECLERX,2348.6,eClerx Services Limited
1143,NSE:VIKASECO,2.25,Vikas EcoTech Limited
1148,NSE:GANECOS,498.4,Ganesha Ecosphere Limited
1149,NSE:EDUCOMP,2.95,Educomp Solutions Limited
1150,NSE:EDELWEISS,83.15,Edelweiss Financial Services Limited
1153,NSE:MTEDUCARE,9.15,MT Educare Limited
1154,NSE:NAUKRI,6999.0,Info Edge (India) Limited
1155,NSE:NIFTYEES,22705.0,Edelweiss ETF - Nifty 50
1156,NSE:NAVNETEDUL,114.6,Navneet Education Limited
1166,NSE:SKMEGGPROD,85.0,SKM Egg Products Export (India) Limited
1167,NSE:EICHERMOT,2851.9,Eicher Motors Limited
1168,NSE:EIHOTEL,143.8,EIH Limited
1169,NSE:EIMCOELECO,411.95,Eimco Elecon (India) Limited
1171,NSE:EIDPARRY,491.2,E.I.D.-Parry (India) Limited
1175,NSE:ELGIEQUIP,203.8,ELGI Equipments Limited
1177,NSE:TVSELECT,175.45,TVS Electronics Limited
1188,NSE:MIRCELECTR,20.95,MIRC Electronics Limited
1192,NSE:BAJAJELEC,1305.65,Bajaj Electricals Limited
1194,NSE:INDNIPPON,410.5,India Nippon Electricals Limited
1198,NSE:ELECTHERM,137.45,Electrotherm (India) Limited
1201,NSE:ELGIRUBCO,39.8,Elgi Rubber Company Limited
1204,NSE:KECL,24.3,Kirloskar Electric Company Limited
1205,NSE:PGEL,547.8,PG Electroplast Limited
1207,NSE:ELECON,167.3,Elecon Engineering Company Limited
1210,NSE:SALZERELEC,166.5,SALZER ELECTRONICS INR10
1211,NSE:EMCO,2.1,EMCO Limited
1213,NSE:PIONEEREMB,62.2,Pioneer Embroideries Limited
1214,NSE:EMAMILTD,555.2,Emami Limited
1215,NSE:EMMBI,108.2,Emmbi Industries Limited
1217,NSE:EMKAY,119.7,Emkay Global Financial Services Limited
1221,NSE:SHEMAROO,141.55,Shemaroo Entertainment Limited
1222,NSE:SADBHAV,55.6,Sadbhav Engineering Limited
1223,NSE:RELIGARE,175.2,Religare Enterprises Limited
1224,NSE:PATELENG,27.45,Patel Engineering Limited
1226,NSE:ENIL,187.15,Entertainment Network (India) Limited
1229,NSE:KARMAENG,22.8,Karma Energy Limited
1231,NSE:A2ZINFRA,4.85,A2Z Infra Engineering Limited
1232,NSE:SHRIRAMEPC,6.8,Shriram EPC Limited
1234,NSE:REVATHI,668.0,Revathi Equipment Limited
1239,NSE:EROSMEDIA,21.15,Eros International Media Limited
1240,NSE:ESSARSHPNG,11.75,Essar Shipping Limited
1241,NSE:ESCORTS,1541.3,Escorts Limited
1242,NSE:ESABINDIA,2452.2,ESAB India Limited
1245,NSE:ESTER,154.1,Ester Industries Limited
1246,NSE:IBREALEST,175.9,Indiabulls Real Estate Limited
1250,NSE:PRESTIGE,456.9,Prestige Estates Projects Limited
1258,NSE:KOTAKNIFTY,194.16,Kotak Nifty ETF
1259,NSE:KOTAKGOLD,41.39,Kotak Gold ETF
1260,NSE:UTISENSETF,649.95,UTI Sensex ETF
1263,NSE:GOLDSHARE,41.3,UTI Gold ETF
1265,NSE:KOTAKBKETF,401.0,Kotak Banking ETF
1266,NSE:IDBIGOLD,4370.0,IDBI Gold ETF
1269,NSE:HDFCMFGETF,42.18,HDFC Gold ETF
1273,NSE:HDFCNIFETF,196.82,HDFC Nifty ETF
1274,NSE:HDFCSENETF,659.8,HDFC Sensex ETF
1279,NSE:UTINIFTETF,1955.5,UTI Nifty ETF
1281,NSE:KOTAKPSUBK,268.51,Kotak PSU Bank ETF
1282,NSE:KOTAKNV20,102.44,Kotak NV 20 ETF
1284,NSE:EUROMULTI,1.45,Euro Multivision Limited
1287,NSE:EVEREADY,383.05,Eveready Industries India Limited
1288,NSE:EVERESTIND,447.65,Everest Industries Limited
1290,NSE:EXIDEIND,187.55,Exide Industries Limited
1293,NSE:HINDOILEXP,199.75,Hindustan Oil Exploration Company Limited
1295,NSE:EXCELINDUS,1079.0,Excel Industries Limited
1296,NSE:NORBTEAEXP,7.3,Norben Tea & Exports Ltd
1297,NSE:NAGREEKEXP,31.8,Nagreeka Exports Limited
1301,NSE:NUCLEUS,592.55,Nucleus Software Exports Limited
1302,NSE:ORBTEXP,81.4,Orbit Exports Limited
1303,NSE:SELAN,162.7,Selan Exploration Technology Limited
1307,NSE:RAJESHEXPO,637.7,Rajesh Exports Limited
1309,NSE:EXCEL,3.15,Excel Realty N Infra Limited
1310,NSE:KABRAEXTRU,245.2,Kabra Extrusiontechnik Limited
1311,NSE:SAKUMA,10.6,Sakuma Exports Limited
1312,NSE:GOKEX,226.25,Gokaldas Exports Limited
1314,NSE:PDSMFL,1390.0,PDS Multinational Fashions Limited
1317,NSE:MONTECARLO,391.7,Monte Carlo Fashions Limited
1321,NSE:SUNDRMFAST,943.05,Sundram Fasteners Limited
1322,NSE:INDTERRAIN,48.65,Indian Terrain Fashions Limited
1324,NSE:FLFL,64.6,Future Lifestyle Fashions Limited
1327,NSE:FCSSOFT,1.6,FCS Software Solutions Limited
1329,NSE:FCL,125.35,Fineotex Chemical Limited
1330,NSE:FDC,356.85,FDC Limited
1333,NSE:FMGOETZE,277.0,Federal-Mogul Goetze (India) Limited
1335,NSE:FEDERALBNK,96.05,The Federal Bank Limited
1336,NSE:GSFC,137.3,Gujarat State Fertilizers & Chemicals Limited
1337,NSE:SHREEPUSHK,241.0,Shree Pushkar Chemicals & Fertilisers Limited
1339,NSE:ROHITFERRO,11.7,Rohit Ferro-Tech Limited
1342,NSE:IMPEXFERRO,1.2,Impex Ferro Tech Limited
1345,NSE:CHAMBLFERT,389.9,Chambal Fertilisers and Chemicals Limited
1346,NSE:NFL,59.35,National Fertilizers Limited
1348,NSE:MADRASFERT,31.25,Madras Fertilizers Limited
1350,NSE:SRTRANSFIN,1391.8,Shriram Transport Finance Company Limited
1351,NSE:SARLAPOLY,56.6,Sarla Performance Fibers Limited
1354,NSE:IBULHSGFIN,246.3,Indiabulls Housing Finance Limited
1355,NSE:FSL,216.3,Firstsource Solutions Limited
1361,NSE:GICHSGFIN,161.95,GIC Housing Finance Limited
1362,NSE:CAMLINFINE,189.3,CAMLIN FINE SCIENC INR1
1363,NSE:CONSOFINVT,169.0,Consolidated Finvest & Holdings Limited
1364,NSE:JMFINANCIL,94.4,JM Financial Limited
1365,NSE:SUNDARMFIN,2460.0,Sundaram Finance Limited
1367,NSE:NAHARCAP,296.1,Nahar Capital and Financial Services Limited
1371,NSE:GLFL,3.2,Gujarat Lease Financing Limited
1374,NSE:FILATEX,116.85,Filatex India Limited
1375,NSE:TCIFINANCE,5.3,TCI Finance Limited
1376,NSE:NAHARPOLY,249.85,Nahar Poly Films Limited
1378,NSE:NITINFIRE,1.25,Nitin Fire Protection Industries Limited
1381,NSE:MOTILALOFS,921.25,Motilal Oswal Financial Services Limited
1384,NSE:NAVINFLUOR,3960.55,Navin Fluorine International Limited
1385,NSE:FLEXITUFF,18.55,Flexituff International Limited
1387,NSE:FMNL,10.55,Future Market Networks Limited
1390,NSE:MMFL,904.15,MM Forgings Limited
1391,NSE:FOSECOIND,1500.0,Foseco India Limited
1392,NSE:FORTIS,267.3,Fortis Healthcare Limited
1395,NSE:ADFFOODS,978.25,ADF Foods Limited
1396,NSE:RKFORGE,1164.8,Ramkrishna Forgings Limited
1399,NSE:HERITGFOOD,478.35,Heritage Foods Limited
1401,NSE:METALFORGE,5.25,Metalyst Forgings Limited
1404,NSE:PFOCUS,91.65,Prime Focus Limited
1406,NSE:RELAXO,1374.0,Relaxo Footwears Limited
1410,NSE:HILTON,13.6,Hilton Metal Forging Limited
1414,NSE:LGBFORGE,6.85,LGB Forge Limited
1419,NSE:KALYANIFRG,200.95,Kalyani Forge Limited
1422,NSE:HFCL,80.6,Himachal Futuristic Communications Limited
1424,NSE:UCALFUEL,160.65,Ucal Fuel Systems Limited
1436,NSE:IGL,505.85,Indraprastha Gas Limited
1437,NSE:GABRIEL,155.8,Gabriel India Limited
1438,NSE:GALLISPAT,53.5,Gallantt Ispat Limited
1439,NSE:GATI,148.3,Gati Limited
1441,NSE:GUJGASLTD,641.7,GUJARAT GAS LIMITE INR10 NEW
1448,NSE:GANDHITUBE,440.0,Gandhi Special Tubes Limited
1453,NSE:ONGC,162.8,Oil and Natural Gas Corporation Limited
1457,NSE:INTEGRA,4.5,Integra Garments and Textiles Limited
1461,NSE:GANGOTRI,1.15,Gangotri Textiles Limited
1462,NSE:GAYAPROJ,49.5,Gayatri Projects Limited
1468,NSE:GALLANTT,78.85,Gallantt Metal Limited
1470,NSE:GENUSPOWER,86.2,Genus Power Infrastructures Limited
1472,NSE:LYPSAGEMS,5.35,Lypsa Gems & Jewellery Limited
1475,NSE:GENESYS,286.0,Genesys International Corporation Limited
1478,NSE:SHANTIGEAR,164.5,Shanthi Gears Limited
1479,NSE:MOTOGENFIN,25.3,The Motor & General Finance Limited
1483,NSE:HITECHGEAR,262.15,The Hi-Tech Gears Limited
1489,NSE:GHCL,464.85,GHCL Limited
1491,NSE:PNBGILTS,69.2,PNB Gilts Ltd.
1492,NSE:GIPCL,98.3,Gujarat Industries Power Company Limited
1498,NSE:GIRRESORTS,119.95,GIR Natureview Resorts Limited
1499,NSE:GINNIFILA,34.7,Ginni Filaments Limited
1500,NSE:GISOLUTION,3.95,GI Engineering Solutions Limited
1501,NSE:GILLETTE,5860.05,Gillette India Limited
1503,NSE:GKWLIMITED,683.0,GKW Limited
1504,NSE:GLOBUSSPR,1461.2,Globus Spirits Limited
1505,NSE:GLENMARK,522.8,Glenmark Pharmaceuticals Limited
1506,NSE:GLAXO,1490.8,GlaxoSmithkline Pharmaceuticals Limited
1508,NSE:INDIAGLYCO,933.0,India Glycols Limited
1516,NSE:SGL,15.85,STL Global Limited
1517,NSE:ONMOBILE,125.45,OnMobile Global Limited
1520,NSE:HINDNATGLS,36.1,Hindusthan National Glass & Industries Limited
1522,NSE:GLOBALVECT,57.65,Global Vectra Helicorp Limited
1527,NSE:HGS,2841.0,Hinduja Global Solutions Limited
1530,NSE:PGIL,307.95,Pearl Global Industries Limited
1532,NSE:GMBREW,827.5,G.M.Breweries Limited
1533,NSE:GMDCLTD,78.0,Gujarat Mineral Development Corporation Limited
1535,NSE:GMRINFRA,43.75,GMR Infrastructure Limited
1536,NSE:GODREJIND,576.0,Godrej Industries Limited
1537,NSE:GPIL,1424.5,Godawari Power & Ispat Limited
1538,NSE:GODREJCP,1040.0,Godrej Consumer Products Limited
1539,NSE:GOKUL,27.7,Gokul Refoils & Solvent Ltd
1541,NSE:GOLDENTOBC,155.1,Golden Tobacco Limited
1546,NSE:GOCLCORP,358.4,GOCL CORPORATION L INR2
1549,NSE:SHIRPUR-G,4.95,Shirpur Gold Refinery Limited
1552,NSE:GOLDTECH,40.05,Goldstone Technologies Limited
1553,NSE:GOLDIAM,983.4,Goldiam International Limited
1554,NSE:SETFGOLD,4204.0,SBI MUTUAL FUND SBI-ETF GOLD
1557,NSE:GODREJPROP,2487.6,Godrej Properties Limited
1559,NSE:GOODLUCK,305.9,Goodluck India Limited
1561,NSE:GODFRYPHLP,1347.05,Godfrey Phillips India Limited
1564,NSE:GPPL,113.05,Gujarat Pipavav Port Limited
1566,NSE:GULFPETRO,54.65,GP Petroleums Limited
1568,NSE:GREAVESCOT,141.65,Greaves Cotton Limited
1569,NSE:GRANULES,324.95,Granules India Limited
1573,NSE:GSS,83.55,GSS Infotech Limited
1574,NSE:GTLINFRA,1.75,GTL Infrastructure Limited
1575,NSE:GTL,14.75,GTL Limited
1578,NSE:GTNTEX,8.25,GTN Textiles Limited
1582,NSE:GULFOILLUB,592.65,Gulf Oil Lubricants India Limited
1584,NSE:GULPOLY,330.8,Gulshan Polyols Limited
1585,NSE:TIMESGTY,53.25,Times Guaranty Ltd.
1588,NSE:GVKPIL,2.5,GVK Power & Infrastructure Limited
1590,NSE:TAJGVK,151.2,TAJGVK Hotels & Resorts Limited
1593,NSE:HARRMALAYA,186.05,Harrisons Malayalam Limited
1596,NSE:HAVELLS,1468.15,Havells India Limited
1597,NSE:HBLPOWER,59.0,HBL Power Systems Limited
1600,NSE:HCLTECH,1229.9,HCL Technologies Limited
1602,NSE:HCG,256.6,HealthCare Global Enterprises Limited
1603,NSE:HCL-INSYS,14.15,HCL Infosystems Limited
1608,NSE:HEIDELBERG,259.85,HeidelbergCement India Limited
1613,NSE:HEG,2369.55,HEG Limited
1615,NSE:HEXATRADEX,173.75,Hexa Tradex Limited
1618,NSE:HERCULES,148.3,Hercules Hoists Limited
1619,NSE:TTKHLTCARE,685.3,TTK HEALTHCARE INR10
1620,NSE:HEROMOTOCO,2939.1,Hero MotoCorp Limited
1625,NSE:HINDMOTORS,17.3,Hindustan Motors Limited
1627,NSE:HINDCOMPOS,326.95,Hindustan Composites Limited
1631,NSE:HINDCOPPER,141.8,Hindustan Copper Limited
1632,NSE:HIKAL,516.55,Hikal Limited
1635,NSE:BAJAJHIND,15.05,Bajaj Hindusthan Sugar Limited
1639,NSE:HINDALCO,537.95,Hindalco Industries Limited
1644,NSE:HIMATSEIDE,262.55,Himatsingka Seide Limited
1648,NSE:BAJAJHLDNG,4747.0,Bajaj Holdings & Investment Limited
1650,NSE:HMT,30.3,HMT Limited
1653,NSE:NH,514.55,Narayana Hrudayalaya Limited
1654,NSE:HSIL,241.65,HSIL Limited
1656,NSE:HTMEDIA,26.55,HT Media Limited
1657,NSE:INDIANHUME,204.9,The Indian Hume Pipe Company Limited
1660,NSE:HUBTOWN,38.15,Hubtown Limited
1669,NSE:ICRA,3699.0,ICRA Limited
1673,NSE:IDFC,55.4,IDFC Limited
1678,NSE:IFCI,14.2,IFCI Limited
1679,NSE:IFBIND,1174.55,IFB Industries Limited
1682,NSE:IGARASHI,578.1,Igarashi Motors India Limited
1684,NSE:IGPL,880.0,I G Petrochemicals Limited
1685,NSE:IITL,73.0,Industrial Investment Trust Limited
1687,NSE:IIFL,294.5,IIFL Holdings Limited
1690,NSE:IL&FSENGG,4.95,IL&FS Engineering and Construction Company Limited
1692,NSE:IVC,6.3,IL&FS Investment Managers Limited
1693,NSE:IL&FSTRANS,3.85,IL&FS Transportation Networks Limited
1695,NSE:INDLMETER,13.2,IMP Powers Limited
1696,NSE:IOB,22.8,Indian Overseas Bank
1697,NSE:IOC,137.15,Indian Oil Corporation Limited
1700,NSE:IPCALAB,2426.5,Ipca Laboratories Limited
1705,NSE:SUNFLAG,85.7,Sunflag Iron And Steel Company Limited
1707,NSE:ISMTLTD,36.5,ISMT Limited
1708,NSE:ISFT,149.75,IntraSoft Technologies Limited
1710,NSE:SMLISUZU,626.0,SML Isuzu Limited
1711,NSE:SATHAISPAT,3.25,Sathavahana Ispat Limited
1714,NSE:ITC,261.5,ITC Limited
1718,NSE:ITI,127.95,ITI Limited
1719,NSE:PILITA,7.4,PIL ITALICA LIFESTYLE LIMITED
1723,NSE:IVP,118.4,IVP Limited
1725,NSE:IZMO,96.5,IZMO Limited
1726,NSE:JAGSNPHARM,164.0,Jagsonpal Pharmaceuticals Limited
1728,NSE:JAINSTUDIO,2.3,Jain Studios Limited
1729,NSE:JAYNECOIND,26.65,Jayaswal Neco Industries Limited
1733,NSE:JAYSREETEA,110.4,JAYSHREE TEA INR5
1734,NSE:JPINFRATEC,2.25,Jaypee Infratech Limited
1736,NSE:JBCHEPHARM,1772.1,J. B. Chemicals & Pharmaceuticals Limited
1738,NSE:JBMA,629.0,JBM Auto Limited
1743,NSE:THANGAMAYL,1381.0,Thangamayil Jewellery Limited
1745,NSE:JHS,26.3,JHS Svendgaard Laboratories Limited
1748,NSE:JSLHISAR,327.15,Jindal Stainless (Hisar) Limited
1750,NSE:JIKIND,0.45,JIK Industries Limited
1751,NSE:JINDALSTEL,452.85,Jindal Steel & Power Limited
1752,NSE:JINDALPOLY,1056.7,Jindal Poly Films Limited
1755,NSE:JSL,178.4,Jindal Stainless Limited
1757,NSE:JMTAUTOLTD,3.15,JMT Auto Limited
1758,NSE:JMCPROJECT,114.05,JMC Projects (India) Limited
1759,NSE:JOCIL,230.0,Jocil Limited
1760,NSE:JYOTISTRUC,19.55,Jyoti Structures Limited
1761,NSE:KAMDHENU,263.15,Kamdhenu Limited
1762,NSE:KALPATPOWR,450.4,Kalpataru Power Transmission Limited
1764,NSE:KANANIIND,9.1,Kanani Industries Limited
1774,NSE:KAMATHOTEL,63.8,Kamat Hotels (India) Limited
1778,NSE:KARURVYSYA,50.9,The Karur Vysya Bank Limited
1779,NSE:KAYA,559.75,Kaya Limited
1782,NSE:KTKBANK,72.5,The Karnataka Bank Limited
1783,NSE:PKTEA,335.0,The Peria Karamalai Tea and Produce Company Limited
1785,NSE:KANORICHEM,198.0,Kanoria Chemicals & Industries Limited
1786,NSE:KICL,2141.0,Kalyani Investment Company Limited
1787,NSE:KAVVERITEL,8.6,Kavveri Telecom Products Limited
1788,NSE:KCP,144.8,The KCP Limited
1789,NSE:KDDL,526.0,KDDL Limited
1794,NSE:KEI,1001.65,KEI Industries Limited
1796,NSE:KERNEX,82.1,Kernex Microsystems (India) Limited
1799,NSE:KELLTONTEC,52.5,Kellton Tech Solutions Limited
1800,NSE:KESORAMIND,69.75,Kesoram Industries Limited
1801,NSE:SHK,155.4,S H Kelkar and Company Limited
1806,NSE:RADICO,1130.85,Radico Khaitan Limited
1808,NSE:KHANDSE,17.25,Khandwala Securities Limited
1810,NSE:KHAITANLTD,38.0,Khaitan (India) Limited
1812,NSE:KIRIINDUS,530.0,Kiri Industries Limited
1816,NSE:KIRLOSIND,1623.5,Kirloskar Industries Limited
1819,NSE:KMSUGAR,27.3,K M Sugar Mills Limited
1823,NSE:KOTHARIPET,52.2,Kothari Petrochemicals Limited
1825,NSE:KOKUYOCMLN,68.7,Kokuyo Camlin Limited
1828,NSE:KOLTEPATIL,324.95,Kolte-Patil Developers Limited
1835,NSE:KRBL,323.3,KRBL Limited
1836,NSE:KRIDHANINF,5.3,KRIDHAN INFRA LIMI INR2
1844,NSE:KWALITY,2.2,Kwality Limited
1845,NSE:LT,1792.75,Larsen & Toubro Limited
1846,NSE:MOREPENLAB,54.75,Morepen Laboratories Limited
1847,NSE:LYKALABS,80.6,Lyka Labs Limited
1848,NSE:UNICHEMLAB,262.85,Unichem Laboratories Limited
1855,NSE:LAKPRE,4.6,Lakshmi Precision Screws Limited
1857,NSE:LAMBODHARA,88.3,Lambodhara Textiles Limited
1858,NSE:VIVIMEDLAB,21.3,Vivimed Labs Limited
1859,NSE:INDSWFTLAB,63.05,Ind-Swift Laboratories Limited
1862,NSE:NEULANDLAB,1732.25,Neuland Laboratories Limited
1866,NSE:LAXMIMACH,9231.0,Lakshmi Machine Works Limited
1871,NSE:PENINLAND,12.1,Peninsula Land Limited
1872,NSE:CAPLIPOINT,911.85,CAPLIN POINT LABOR INR2
1880,NSE:LFIC,80.5,Lakshmi Finance & Industrial Corporation Limited
1883,NSE:LCCINFOTEC,1.9,LCC Infotech Limited
1886,NSE:INOXLEISUR,417.05,Inox Leisure Limited
1888,NSE:LGBBROSLTD,513.3,L.G. Balakrishnan & Bros Limited
1889,NSE:SUVEN,114.9,Suven Life Sciences Limited
1890,NSE:SONATSOFTW,937.4,Sonata Software Limited
1892,NSE:RPGLIFE,651.45,RPG Life Sciences Limited
1896,NSE:MOTHERSUMI,242.95,Motherson Sumi Systems Limited
1897,NSE:MCLEODRUSS,30.3,McLeod Russel India Limited
1898,NSE:COUNCODOS,3.5,Country Condo'S Limited
1899,NSE:COROMANDEL,870.2,Coromandel International Limited
1907,NSE:MOIL,172.6,MOIL Limited
1909,NSE:SYMPHONY,1084.0,Symphony Limited
1912,NSE:NECLIFE,30.7,Nectar Lifesciences Limited
1921,NSE:PHOENIXLTD,985.0,The Phoenix Mills Limited
1926,NSE:MAJESCO,92.1,MAJESCO LIMITED INR5
1929,NSE:MANGTIMBER,18.1,Mangalam Timber Products Limited
1933,NSE:BANCOINDIA,197.1,Banco Products (India) Limited
1934,NSE:UPL,748.55,UPL Limited
1938,NSE:INDUSINDBK,1209.8,IndusInd Bank Limited
1945,NSE:GRAVITA,208.0,Gravita India Limited
1956,NSE:CASTEXTECH,0.8,Castex Technologies Limited
1962,NSE:PUNJLLOYD,1.9,Punj Lloyd Limited
1967,NSE:PETRONET,235.7,Petronet LNG Limited
1968,NSE:SICAL,21.6,Sical Logistics Limited
1969,NSE:PATINTLOG,22.9,Patel Integrated Logistics Limited
1970,NSE:SHREYAS,392.0,Shreyas Shipping and Logistics Limited
1971,NSE:LOVABLE,132.65,Lovable Lingerie Limited
1972,NSE:LOKESHMACH,52.6,Lokesh Machines Limited
1973,NSE:SNOWMAN,43.3,Snowman Logistics Limited
1975,NSE:VRLLOG,395.95,VRL Logistics Limited
1976,NSE:SAKHTISUG,15.55,Sakthi Sugars Limited
1977,NSE:PRIMESECU,121.85,Prime Securities Limited
1978,NSE:INFOMEDIA,4.25,Infomedia Press Limited
1979,NSE:TVSMOTOR,582.4,TVS Motor Company Limited
1980,NSE:TTML,55.65,Tata Teleservices (Maharashtra) Limited
1981,NSE:TRF,161.8,TRF Limited
1982,NSE:TITAN,2655.9,Titan Company Limited
1983,NSE:TIJARIA,7.0,Tijaria Polypipes Limited
1984,NSE:TI,48.0,Tilaknagar Industries Ltd.
1985,NSE:THERMAX,1421.0,Thermax Limited
1987,NSE:TATAMTRDVR,266.5,Tata Motors Limited
1988,NSE:TATACOMM,1501.0,Tata Communications Limited
1989,NSE:TAKE,51.7,TAKE Solutions Limited
1990,NSE:SURANASOL,24.45,Surana Solar Limited
1992,NSE:LUXIND,3790.05,Lux Industries Limited
1997,NSE:LUMAXIND,1450.0,Lumax Industries Limited
2000,NSE:MTNL,19.95,Mahanagar Telephone Nigam Limited
2001,NSE:MASTEK,3269.7,Mastek Limited
2002,NSE:MARKSANS,69.75,Marksans Pharma Limited
2004,NSE:MALUPAPER,37.05,Malu Paper Mills Limited
2010,NSE:MANINDS,115.6,Man Industries (India) Limited
2011,NSE:MARICO,583.5,Marico Limited
2013,NSE:M&MFIN,187.2,Mahindra & Mahindra Financial Services Limited
2014,NSE:MANAKSTEEL,33.2,MANAKSIA STEELS LT INR1
2017,NSE:MANINFRA,112.6,Man Infraconstruction Limited
2018,NSE:MBLINFRA,22.7,MBL Infrastructures Limited
2020,NSE:MCDHOLDING,84.15,McDowell Holdings Limited
2021,NSE:SAMBHAAV,3.0,Sambhaav Media Limited
2022,NSE:RADAAN,1.5,Radaan Mediaworks India Limited
2023,NSE:PRECOT,258.3,Precot Meridian Limited
2027,NSE:POLYMED,961.7,Poly Medicure Limited
2032,NSE:MEP,26.8,MEP Infrastructure Developers Limited
2033,NSE:SHILPAMED,625.5,Shilpa Medicare Limited
2035,NSE:MELSTAR,3.65,Melstar Information Technologies Limited
2038,NSE:RATNAMANI,2214.0,Ratnamani Metals & Tubes Limited
2040,NSE:INDRAMEDCO,80.1,Indraprastha Medical Corporation Limited
2047,NSE:MFSL,1008.85,Max Financial Services Limited
2048,NSE:MHRIL,245.9,Mahindra Holidays & Resorts India Limited
2049,NSE:MIRZAINT,65.1,Mirza International Limited
2050,NSE:20MICRONS,63.6,20 Microns Limited
2051,NSE:MINDACORP,134.6,Minda Corporation Limited
2058,NSE:SARDAEN,828.8,Sarda Energy & Minerals Limited
2064,NSE:MMTC,48.3,MMTC Limited
2066,NSE:MORARJEE,19.65,Morarjee Textiles Limited
2067,NSE:MOHITIND,12.35,Mohit Industries Limited
2073,NSE:MOLDTKPAC,707.0,Mold-Tek Packaging Limited
2075,NSE:SHARDAMOTR,671.15,SHARDA MOTOR INDUS INR10
2076,NSE:SANGHVIMOV,204.25,Sanghvi Movers Limited
2084,NSE:MPHASIS,3373.95,MphasiS Limited
2085,NSE:MPSLTD,681.8,MPS Limited
2088,NSE:MRO-TEK,65.5,MRO-TEK Realty Limited
2090,NSE:MSPL,9.95,MSP Steel & Power Limited
2091,NSE:SHREERAMA,13.75,Shree Rama Multi-Tech Limited
2092,NSE:SUNDARAM,2.05,Sundaram Multi Pap Limited
2095,NSE:3RDROCK,64.6,3rd Rock Multimedia Limited
2096,NSE:MUKANDLTD,143.0,Mukand Limited
2097,NSE:MUNJALSHOW,139.25,Munjal Showa Limited
2102,NSE:MUTHOOTCAP,405.55,MUTHOOT CAPITAL SE INR10
2104,NSE:MUKANDENGG,26.25,Mukand Engineers Limited
2107,NSE:NAVKARCORP,43.0,Navkar Corporation Limited
2108,NSE:NATCOPHARM,891.15,Natco Pharma Limited
2111,NSE:NSIL,1834.0,Nalwa Sons Investments Limited
2114,NSE:NAHARSPING,454.75,Nahar Spinning Mills Ltd
2115,NSE:NAGREEKCAP,7.85,NAGREEKA CAPITAL & INR5
2121,NSE:PNB,43.55,Punjab National Bank
2126,NSE:NAHARINDUS,116.05,Nahar Industrial Enterprises Limited
2127,NSE:TNPL,141.95,Tamil Nadu Newsprint and Papers Limited
2129,NSE:NCC,83.6,NCC Limited
2132,NSE:NDTV,82.9,New Delhi Television Limited
2134,NSE:SUNTV,560.15,Sun TV Network Limited
2137,NSE:NESCO,673.25,Nesco Limited
2139,NSE:RAJTV,36.05,Raj Television Network Limited
2140,NSE:NETWORK18,86.75,Network18 Media & Investments Limited
2141,NSE:NESTLEIND,19443.9,Nestlï¿½ India Limited
2142,NSE:NEXTMEDIA,6.0,Next Mediaworks Limited
2144,NSE:TVTODAY,297.0,T.V. Today Network Limited
2146,NSE:DEN,54.15,DEN Networks Limited
2149,NSE:SMARTLINK,114.55,Smartlink Network Systems Limited
2150,NSE:SETFNN50,467.76,SBI MUTUAL FUND SBI-ETF NIFTY N
2161,NSE:SETFNIF50,188.14,SBI MUTUAL FUND SBI-ETF NIFTY 5
2164,NSE:NITINSPIN,229.4,Nitin Spinners Ltd.
2167,NSE:DEEPAKNTR,2905.35,DEEPAK NITRITE INR2
2171,NSE:NIPPOBATRY,1038.0,Indo National Limited
2172,NSE:NILAINFRA,6.7,NILA INFRASTRUCTUR INR1
2174,NSE:NILKAMAL,2688.05,Nilkamal Limited
2176,NSE:SETFNIFBK,396.39,SBI MUTUAL FUND SBI-ETF NIFTY B
2179,NSE:NITCO,25.4,Nitco Limited
2180,NSE:TECHIN,6.8,Techindia Nirman Limited
2181,NSE:NKIND,42.7,N.K Industries Limited
2184,NSE:GRINDWELL,1555.2,Grindwell Norton Limited
2185,NSE:DENORA,342.25,De Nora India Limited
2195,NSE:OCCL,1081.3,ORIENTAL CARB & CH INR10
2196,NSE:SCI,143.55,The Shipping Corporation of India Limited
2197,NSE:TINPLATE,338.8,The Tinplate Company Of India Limited
2199,NSE:STCINDIA,113.5,The State Trading Corporation of India Limited
2202,NSE:SAIL,125.85,Steel Authority of India Limited
2205,NSE:BANKBARODA,90.45,Bank of Baroda
2207,NSE:TFCILTD,74.15,Tourism Finance Corporation of India Limited
2209,NSE:OILCOUNTUB,10.6,Oil Country Tubular Limited
2211,NSE:SOTL,1499.9,Savita Oil Technologies Limited
2213,NSE:OMKARCHEM,25.85,Omkar Speciality Chemicals Limited
2219,NSE:ORIENTALTL,8.85,Oriental Trimex Limited
2220,NSE:ORIENTLTD,73.0,Orient Press Limited
2224,NSE:ORIENTPPR,35.2,Orient Paper & Industries Limited
2226,NSE:ORTEL,1.35,Ortel Communications Limited
2232,NSE:ORICONENT,29.2,ORICON ENTERPRISES INR2
2233,NSE:ORISSAMINE,2883.2,The Orissa Minerals Development Company Limited
2234,NSE:GREENPOWER,4.9,Orient Green Power Company Limited
2237,NSE:VINATIORGA,2061.0,Vinati Organics Limited
2239,NSE:ORIENTHOT,40.15,Oriental Hotels Limited
2242,NSE:MARALOVER,83.05,Maral Overseas Limited
2243,NSE:PRADIP,1.15,Pradip Overseas Limited
2245,NSE:PAGEIND,37667.5,Page Industries Limited
2249,NSE:PARSVNATH,16.45,Parsvnath Developers Limited
2256,NSE:PATSPINLTD,9.3,Patspin India Limited
2258,NSE:SHALPAINTS,96.6,Shalimar Paints Limited
2261,NSE:PARACABLES,13.7,Paramount Communications Limited
2267,NSE:PANAMAPET,276.0,Panama Petrochem Limited
2271,NSE:STARPAPER,151.2,Star Paper Mills Limited
2272,NSE:PBAINFRA,11.3,PBA Infrastructure Limited
2274,NSE:PDMJEPAPER,44.3,Pudumjee Paper Products Limited
2276,NSE:SPIC,51.75,Southern Petrochemical Industries Corporation Limited
2277,NSE:LINCPEN,248.45,LINC PEN & PLASTIC INR10
2282,NSE:PEARLPOLY,15.5,Pearl Polymers Limited
2283,NSE:PENIND,31.3,Pennar Industries Limited
2286,NSE:SUPPETRO,770.1,Supreme Petrochem Limited
2287,NSE:CHENNPETRO,137.5,Chennai Petroleum Corporation Limited
2289,NSE:PERSISTENT,4153.4,Persistent Systems Limited
2291,NSE:TNPETRO,132.15,Tamilnadu Petroproducts Limited
2295,NSE:MANALIPETC,126.95,Manali Petrochemicals Limited
2296,NSE:PFIZER,5509.0,Pfizer Limited
2297,NSE:SMSPHARMA,149.0,SMS Pharmaceuticals Limited
2300,NSE:TORNTPHARM,3096.45,Torrent Pharmaceuticals Limited
2309,NSE:BALPHARMA,105.8,Bal Pharma Limited
2310,NSE:LINCOLN,382.0,LINCOLN PHARMA LTD INR10
2311,NSE:PIIND,3341.75,PI Industries Limited
2312,NSE:PILANIINVS,2014.0,Pilani Investment and Industries Corporation Limited
2315,NSE:SRIPIPES,211.6,Srikalahasthi Pipes Limited
2316,NSE:PIDILITIND,2491.0,Pidilite Industries Limited
2317,NSE:TEXMOPIPES,52.4,Texmo Pipes and Products Limited
2320,NSE:PLASTIBLEN,271.0,Plastiblends India Ltd.
2321,NSE:PNCINFRA,377.45,PNC Infratech Limited
2325,NSE:PONNIERODE,245.5,Ponni Sugars (Erode) Limited
2327,NSE:PREMIERPOL,70.85,Premier Polyfilm Ltd.
2332,NSE:POLYPLEX,1905.95,Polyplex Corporation Limited
2333,NSE:HONDAPOWER,1390.9,Honda Siel Power Products Limited
2334,NSE:RPOWER,16.7,Reliance Power Limited
2335,NSE:VARDMNPOLY,22.9,Vardhman Polytex Limited
2336,NSE:TORNTPOWER,520.7,Torrent Power Limited
2337,NSE:RTNPOWER,4.45,RattanIndia Power Limited
2338,NSE:SEPOWER,11.65,S. E. Power Limited
2340,NSE:POWERMECH,1066.7,Power Mech Projects Limited
2343,NSE:VIVIDHA,0.8,Visagar Polytex Limited
2344,NSE:SPYL,0.75,Shekhawati Poly-Yarn Limited
2346,NSE:CAREERP,158.35,Career Point Limited
2347,NSE:TATAPOWER,252.75,The Tata Power Company Limited
2349,NSE:TDPOWERSYS,371.75,TD Power Systems Limited
2351,NSE:PREMIER,4.05,Premier Limited
2352,NSE:PURVA,139.15,Puravankara Limited
2355,NSE:TTKPRESTIG,8874.35,TTK Prestige Limited
2356,NSE:PRAKASHSTL,2.45,Prakash Steelage Limited
2365,NSE:PSB,18.9,Punjab & Sind Bank
2366,NSE:PTC,134.35,PTC India Limited
2367,NSE:PTL,50.8,PTL Enterprises Limited
2369,NSE:SHAKTIPUMP,822.05,Shakti Pumps (India) Limited
2370,NSE:PVR,1746.25,PVR Limited
2371,NSE:PVP,6.1,PVP Ventures Limited
2372,NSE:RANASUG,29.0,Rana Sugars Limited
2373,NSE:RAMKY,157.4,Ramky Infrastructure Limited
2374,NSE:RAJVIR,8.5,Rajvir Industries Limited
2375,NSE:INGERRAND,1197.7,Ingersoll-Rand (India) Limited
2376,NSE:RAMASTEEL,274.5,Rama Steel Tubes Limited
2377,NSE:RAJRAYON,0.45,Raj Rayon Industries Limited
2378,NSE:RAYMOND,463.5,Raymond Limited
2379,NSE:RAMSARUP,1.3,Ramsarup Industries Limited
2380,NSE:INDORAMA,52.3,Indo Rama Synthetics (India) Limited
2384,NSE:RALLIS,317.0,Rallis India Limited
2386,NSE:RAMCOIND,304.0,Ramco Industries Limited
2388,NSE:RANEENGINE,299.75,Rane Engine Valve Limited
2391,NSE:SRHHYPOLTD,352.15,Sree Rayalaseema Hi-Strength Hypo Limited
2398,NSE:RANEHOLDIN,601.1,Rane Holdings Limited
2399,NSE:RML,413.25,Rane (Madras) Limited
2400,NSE:RAIN,243.75,Rain Industries Limited
2401,NSE:RAMCOSYS,482.05,Ramco Systems Limited
2402,NSE:RMCL,2.15,Radha Madhav Corporation Limited
2403,NSE:RCOM,3.15,Reliance Communications Limited
2405,NSE:RIIL,738.45,Reliance Industrial Infrastructure Limited
2406,NSE:REDINGTON,154.65,Redington (India) Limited
2408,NSE:RICOAUTO,47.35,Rico Auto Industries Limited
2409,NSE:ROLTA,5.7,Rolta India Limited
2411,NSE:SURYAROSNI,707.95,Surya Roshni Limited
2412,NSE:ROSSELLIND,168.0,Rossell India Limited
2413,NSE:RPPINFRA,63.95,RPP Infra Projects Limited
2415,NSE:RSYSTEMS,223.65,R Systems International Limited
2416,NSE:RSSOFTWARE,37.1,R. S. Software (India) Limited
2417,NSE:RSWM,359.0,RSWM Limited
2419,NSE:RUCHIRA,87.85,Ruchira Papers Limited
2420,NSE:RUSHIL,254.6,Rushil Dï¿½cor Limited
2421,NSE:RUPA,493.7,Rupa & Company Limited
2425,NSE:RUBYMILLS,293.25,The Ruby Mills Limited
2426,NSE:RUCHINFRA,7.1,Ruchi Infrastructure Limited
2427,NSE:HOTELRUGBY,2.95,Hotel Rugby Limited
2428,NSE:SANGHIIND,68.8,Sanghi Industries Limited
2430,NSE:SAKSOFT,1073.5,Saksoft Limited
2431,NSE:SAREGAMA,4300.0,Saregama India Limited
2437,NSE:SANDESH,788.4,The Sandesh Limited
2438,NSE:SANGAMIND,222.2,Sangam (India) Limited
2445,NSE:THOMASCOTT,18.05,Thomas Scott (India) Limited
2447,NSE:MAHSCOOTER,4789.95,Maharashtra Scooters Limited
2449,NSE:SEQUENT,218.25,Sequent Scientific Limited
2451,NSE:MAHSEAMLES,505.2,Maharashtra Seamless Limited
2452,NSE:INVENTURE,2.65,Inventure Growth & Securities Limited
2455,NSE:SHYAMTEL,10.25,Shyam Telecom Limited
2457,NSE:SHOPERSTOP,279.85,Shoppers Stop Limited
2459,NSE:SHIVAMAUTO,30.2,Shivam Autotech Limited
2461,NSE:LIBERTSHOE,180.0,Liberty Shoes Limited
2463,NSE:RENUKA,30.2,Shree Renuka Sugars Limited
2470,NSE:STAR,585.95,Strides Shasun Limited
2472,NSE:SHREYANIND,130.35,Shreyans Industries Limited
2474,NSE:SIMBHALS,29.85,Simbhaoli Sugars Limited
2476,NSE:SIYSIL,427.0,Siyaram Silk Mills Limited
2482,NSE:SILINV,339.8,SIL Investments Ltd.
2484,NSE:SINTEX,4.55,Sintex Industries Limited
2486,NSE:SIL,15.0,Standard Industries Limited
2487,NSE:SIMPLEXINF,44.9,Simplex Infrastructures Limited
2488,NSE:SJVN,29.3,SJVN Limited
2489,NSE:SKIPPER,79.8,Skipper Limited
2492,NSE:SKIL,4.6,SKIL Infrastructure Limited
2502,NSE:SOLARINDS,2670.0,Solar Industries India Limited
2508,NSE:COMPUSOFT,16.5,Compucom Software Limited
2515,NSE:CALSOFT,35.8,California Software Company Limited
2516,NSE:SOBHA,839.0,Sobha Limited
2517,NSE:AURIONPRO,223.5,aurionPro Solutions Limited
2522,NSE:SOMATEX,8.15,Soma Textiles & Industries Limited
2524,NSE:SPMLINFRA,11.15,SPML Infra Limited
2525,NSE:SPENTEX,1.35,Spentex Industries Limited
2526,NSE:SPECIALITY,90.85,Speciality Restaurants Limited
2527,NSE:SPLIL,46.6,SPL Industries Limited
2528,NSE:VSSL,268.35,Vardhman Special Steels Limited
2529,NSE:SRF,2390.15,SRF Limited
2531,NSE:SREEL,182.25,Sreeleathers Limited
2533,NSE:SREINFRA,5.6,SREI Infrastructure Finance Limited
2535,NSE:TVSSRICHAK,2547.0,TVS Srichakra
2545,NSE:VISASTEEL,13.75,VISA Steel Limited
2546,NSE:STERTOOLS,205.0,Sterling Tools Limited
2551,NSE:STEL,172.8,STEL Holdings Limited
2552,NSE:SUPREMEINF,18.55,Supreme Infrastructure India Limited
2553,NSE:SUZLON,7.35,Suzlon Energy Limited
2554,NSE:SUNTECK,507.55,Sunteck Realty Limited
2555,NSE:SUMEETINDS,8.65,Sumeet Industries Limited.
2556,NSE:SUNCLAYLTD,3723.35,Sundaram-Clayton Limited
2558,NSE:SUPRAJIT,392.85,Suprajit Engineering Limited
2560,NSE:SUPERHOUSE,185.85,Superhouse Limited
2561,NSE:SUMMITSEC,762.25,Summit Securities Limited
2562,NSE:MAWANASUG,88.5,Mawana Sugars Limited
2564,NSE:SUPREMEIND,2615.0,The Supreme Industries Limited
2566,NSE:SUPERSPIN,13.05,Super Spinning Mills Limited
2567,NSE:SURYALAXMI,65.0,Suryalakshmi Cotton Mills Limited
2570,NSE:UTTAMSUGAR,189.35,Uttam Sugar Mills Limited
2587,NSE:SWANENERGY,132.85,Swan Energy Limited
2589,NSE:SWELECTES,274.95,Swelect Energy Systems Limited
2592,NSE:SYNGENE,617.4,Syngene International Limited
2594,NSE:BANSWRAS,197.25,Banswara Syntex Limited
2597,NSE:PRAENG,19.35,Prajay Engineers Syndicate Limited
2601,NSE:TALBROAUTO,288.0,Talbros Automotive Components Limited
2602,NSE:TATAMETALI,1091.5,Tata Metaliks Limited
2603,NSE:TARMAT,67.75,Tarmat Limited
2606,NSE:TNTELE,9.4,Tamilnadu Telecommunications Limited
2608,NSE:TATAINVEST,1683.7,Tata Investment Corporation Limited
2609,NSE:TANTIACONS,7.15,Tantia Constructions Limited
2611,NSE:TATACOFFEE,235.0,Tata Coffee Limited
2613,NSE:TANLA,958.75,Tanla Solutions Limited
2614,NSE:TARAPUR,4.0,Tarapur Transformers Limited
2619,NSE:TEAMLEASE,5009.15,TeamLease Services Limited
2621,NSE:TIIL,890.65,Technocraft Industries (India) Limited
2623,NSE:TFL,6.3,Transwarranty Finance Limited
2626,NSE:INDOTHAI,94.75,Indo Thai Securities Limited
2627,NSE:TIMETECHNO,74.9,Time Technoplast Limited
2628,NSE:TIL,182.05,TIL Limited
2630,NSE:TIMKEN,1830.85,Timken India Limited
2632,NSE:TIPSINDLTD,1428.0,Tips Industries Limited
2638,NSE:TWL,100.55,Titagarh Wagons Limited
2643,NSE:TOKYOPLAST,103.05,Tokyo Plast International Limited
2645,NSE:TPLPLASTEH,175.15,TPL PLASTECH LTD. INR10
2647,NSE:TRIL,31.4,Transformers & Rectifiers (India) Limited
2648,NSE:TRIVENI,204.0,Triveni Engineering & Industries Limited
2652,NSE:TTL,77.9,T.T. Limited
2654,NSE:TRITURBINE,167.35,Triveni Turbine Limited
2657,NSE:UCOBANK,14.55,UCO Bank
2660,NSE:UJAAS,3.45,Ujaas Energy Ltd.
2664,NSE:CARBORUNIV,906.0,Carborundum Universal Limited
2665,NSE:UNIVCABLES,177.0,Universal Cables Limited
2666,NSE:MAYURUNIQ,483.9,Mayur Uniquoters Limited
2672,NSE:VTL,2071.45,Vardhman Textiles Limited
2675,NSE:VAKRANGEE,43.8,Vakrangee Limited
2678,NSE:WABAG,345.6,VA Tech Wabag Limited
2680,NSE:VENUSREM,470.1,Venus Remedies Limited
2682,NSE:VENKEYS,3139.75,Venky's (India) Limited
2685,NSE:VEDL,355.2,Vedanta Limited
2687,NSE:VGUARD,263.75,V-Guard Industries Limited
2688,NSE:VISESHINFO,0.25,MPS Infotecnics Limited
2692,NSE:VINDHYATEL,1195.8,Vindhya Telelinks Limited
2695,NSE:VICEROY,4.4,Viceroy Hotels Limited
2697,NSE:VISHNU,736.4,Vishnu Chemicals Limited
2698,NSE:VIPULLTD,30.1,VIPUL LTD INR1
2710,NSE:WALCHANNAG,55.0,Walchandnagar Industries Limited
2712,NSE:WELCORP,149.2,Welspun Corp Limited
2714,NSE:WEIZMANIND,58.15,Weizmann Limited
2716,NSE:WHEELS,792.0,Wheels India Limited
2718,NSE:PRECWIRE,258.25,Precision Wires India Ltd.
2719,NSE:INOXWIND,129.35,Inox Wind Limited
2720,NSE:WINDMACHIN,32.95,Windsor Machines Limited
2723,NSE:WSI,7.55,WS Industries (India)
2727,NSE:AUSOMENT,66.6,Ausom Enterprise Limited
2728,NSE:AUTOIND,61.95,Autoline Industries Limited
2729,NSE:HONAUT,44499.6,Honeywell Automation India Limited
2731,NSE:BAJAJFINSV,18789.95,Bajaj Finserv Limited
2732,NSE:BALAJITELE,66.45,Balaji Telefilms Limited
2734,NSE:BALRAMCHIN,377.85,Balrampur Chini Mills Limited
2736,NSE:BALKRISIND,2599.0,Balkrishna Industries Limited
2738,NSE:INDBANK,25.4,Indbank Merchant Banking Services Limited
2740,NSE:BARTRONICS,4.15,Bartronics India Limited
2742,NSE:BATAINDIA,2169.0,Bata India Limited
2744,NSE:BEARDSELL,14.6,Beardsell Limited
2750,NSE:BRIGADE,459.05,Brigade Enterprises Limited
2751,NSE:BRITANNIA,3905.8,Britannia Industries Limited
2754,NSE:FINCABLES,492.4,Finolex Cables Limited
2755,NSE:CORDSCABLE,58.1,Cords Cable Industries Limited
2756,NSE:PRECAM,107.6,Precision Camshafts Limited
2757,NSE:CANTABIL,600.0,Cantabil Retail India Limited
2759,NSE:CANFINHOME,709.0,Can Fin Homes Limited
2762,NSE:RELCAPITAL,22.1,Reliance Capital Limited
2765,NSE:MANGCHEFER,75.05,Mangalore Chemicals & Fertilizers Limited
2767,NSE:COALINDIA,185.7,Coal India Limited
2768,NSE:MANAKCOAT,18.9,MANAKSIA COATED ME INR1
2771,NSE:COLPAL,1690.35,Colgate-Palmolive (India) Limited
2773,NSE:THOMASCOOK,82.0,Thomas Cook (India) Limited
2774,NSE:COSMOFILMS,1661.0,Cosmo Films Limited
2777,NSE:DELTAMAGNT,68.95,Delta Magnets Limited
2784,NSE:INDOWIND,8.55,Indowind Energy Limited
2786,NSE:ENGINERSIN,79.2,Engineers India Limited
2787,NSE:TECHNOFAB,6.15,Technofab Engineering Limited
2793,NSE:FIEMIND,1278.85,Fiem Industries Limited
2795,NSE:FINPIPE,230.7,Finolex Industries Limited
2798,NSE:L&TFH,95.3,L&T Finance Holdings Limited
2801,NSE:REPCOHOME,324.55,Repco Home Finance Limited
2804,NSE:MANAPPURAM,200.65,Manappuram Finance Limited
2807,NSE:GRASIM,1782.5,Grasim Industries Limited
2808,NSE:GRAPHITE,601.4,Graphite India Limited
2809,NSE:GREENLAM,1406.4,GREENLAM INDUSTRIE INR5
2811,NSE:GREENPLY,205.0,Greenply Industries Limited
2813,NSE:GRPLTD,961.5,GRP Limited
2814,NSE:INDHOTEL,231.0,The Indian Hotels Company Limited
2815,NSE:HOVS,57.7,HOV Services Limited
2818,NSE:REMSONSIND,237.8,Remsons Industries Limited
2819,NSE:3MINDIA,25973.0,3M India Limited
2820,NSE:INSECTICID,709.15,Insecticides (India) Limited
2821,NSE:LINDEINDIA,2600.0,Linde India Limited
2824,NSE:RESPONIND,125.55,Responsive Industries Limited
2825,NSE:INDOSOLAR,3.05,Indosolar Limited
2827,NSE:INFY,1768.0,Infosys Limited
2831,NSE:V2RETAIL,202.7,V2 Retail Limited
2833,NSE:LICNETFN50,194.95,LIC MUTUAL FUND ETF- NIFTY 50-
2837,NSE:SADBHIN,17.35,Sadbhav Infrastructure Project Limited
2840,NSE:TEXINFRA,59.1,Texmaco Infrastructure & Holdings Limited
2843,NSE:LICNETFGSC,23.28,LIC MUTUAL FUND G-SEC LONG TERM
2846,NSE:3IINFOTECH,84.5,3i Infotech Limited
2850,NSE:SANOFI,8183.1,Sanofi India Limited
2853,NSE:TRIDENT,40.35,Trident Limited
2856,NSE:MERCATOR,1.7,Mercator Limited
2861,NSE:MADHUCON,5.7,Madhucon Projects Limited
2862,NSE:M&M,931.7,Mahindra & Mahindra Limited
2865,NSE:MANAKSIA,69.4,Manaksia Limited
2870,NSE:MANUGRAPH,12.35,Manugraph India Limited
2875,NSE:THEMISMED,995.0,Themis Medicare Limited
2879,NSE:PAEL,7.35,PAE Limited
2881,NSE:PRAKASH,74.95,Prakash Industries Limited
2883,NSE:PROZONINTU,29.75,Prozone Intu Properties Limited
2885,NSE:REFEX,147.5,Refex Industries Limited
2887,NSE:REPRO,566.05,Repro India Limited
2890,NSE:SEAMECLTD,1235.0,Seamec Limited
2893,NSE:INDOTECH,178.05,Indo Tech Transformers Limited
2896,NSE:INDSWFTLTD,15.85,Ind-Swift Limited
