,Symbol,Price,PrevDayClose,ChangeInPercentage
0,NSE:BHARTIARTL,691.05,685.8,0.77
1,NSE:ASHOKLEY,144.5,144.75,-0.17
2,NSE:AUROPHARMA,721.4,727.15,-0.79
3,NSE:SANWARIA,0.7,0.7,0.0
4,NSE:ALMONDZ,134.6,128.3,4.91
5,NSE:SBIN,497.9,490.6,1.49
6,NSE:BPCL,463.7,459.3,0.96
7,NSE:MBECL,6.75,6.9,-2.17
8,NSE:MAHABANK,21.8,21.1,3.32
9,NSE:BOSCHLTD,17895.85,17863.85,0.18
10,NSE:IDBI,63.3,62.5,1.28
11,NSE:DABUR,621.95,615.2,1.1
12,NSE:TCIDEVELOP,359.15,358.55,0.17
13,NSE:DRREDDY,4900.1,4958.7,-1.18
14,NSE:DPSCLTD,16.75,16.4,2.13
15,NSE:MAHLIFE,280.65,274.15,2.37
16,NSE:LPDC,4.85,4.75,2.11
17,NSE:KAUSHALYA,2.8,2.75,1.82
18,NSE:IRB,218.0,211.9,2.88
19,NSE:HDIL,5.6,5.35,4.67
20,NSE:HDFC,2806.6,2808.75,-0.08
21,NSE:GOENKA,1.2,1.15,4.35
22,NSE:ENERGYDEV,11.25,11.25,0.0
23,NSE:SCHNEIDER,122.5,119.75,2.3
24,NSE:TATAELXSI,6303.35,6259.95,0.69
25,NSE:SWARAJENG,1759.25,1753.6,0.32
26,NSE:RECLTD,167.25,164.75,1.52
27,NSE:PEL,2852.2,2835.75,0.58
28,NSE:ADANIPORTS,824.2,812.8,1.4
29,NSE:OFSS,4783.95,4777.7,0.13
30,NSE:LICHSGFIN,454.4,443.3,2.5
31,NSE:PFS,21.85,21.4,2.1
32,NSE:PFC,153.0,148.95,2.72
33,NSE:MUTHOOTFIN,1570.7,1552.6,1.17
34,NSE:FACT,127.2,127.2,0.0
35,NSE:GSPL,320.8,318.25,0.8
36,NSE:GAIL,163.0,160.05,1.84
37,NSE:POWERGRID,207.15,204.65,1.22
38,NSE:VHL,3180.1,3183.45,-0.11
39,NSE:HINDUNILVR,2653.95,2649.55,0.17
40,NSE:HINDPETRO,337.05,331.35,1.72
41,NSE:HCC,11.25,10.65,5.63
42,NSE:HIRECT,187.45,186.8,0.35
43,NSE:ROHLTD,94.0,91.8,2.4
44,NSE:JUBLINDS,529.85,516.6,2.56
45,NSE:JISLJALEQS,50.45,51.25,-1.56
46,NSE:JYOTHYLAB,163.0,162.35,0.4
47,NSE:JUBLFOOD,4355.45,4409.6,-1.23
48,NSE:JSWSTEEL,723.1,692.85,4.37
49,NSE:JPPOWER,5.45,5.45,0.0
50,NSE:JPOLYINVST,131.25,125.0,5.0
51,NSE:JKTYRE,153.1,151.7,0.92
52,NSE:JKPAPER,253.2,251.05,0.86
53,NSE:JISLDVREQS,28.6,29.1,-1.72
54,NSE:JINDCOT,3.6,3.55,1.41
55,NSE:JINDALSAW,125.05,121.85,2.63
56,NSE:JBFIND,24.15,24.5,-1.43
57,NSE:JAGRAN,65.25,62.05,5.16
58,NSE:JAMNAAUTO,99.2,98.9,0.3
59,NSE:JAICORPLTD,139.6,138.6,0.72
60,NSE:JMA,71.2,70.65,0.78
61,NSE:JUSTDIAL,922.75,935.05,-1.32
62,NSE:JKIL,177.9,176.25,0.94
63,NSE:J&KBANK,40.9,38.95,5.01
64,NSE:PCJEWELLER,29.8,29.4,1.36
65,NSE:JSWENERGY,396.0,394.0,0.51
66,NSE:JKCEMENT,3499.0,3456.0,1.24
67,NSE:JUNIORBEES,472.0,466.86,1.1
68,NSE:JINDALPHOT,169.7,167.8,1.13
69,NSE:JAYAGROGN,251.4,254.65,-1.28
70,NSE:JAIBALAJI,55.5,55.0,0.91
71,NSE:JINDWORLD,117.0,113.15,3.4
72,NSE:JSWHL,4765.55,4698.1,1.44
73,NSE:KPRMILL,467.85,471.95,-0.87
74,NSE:KOTAKBANK,2023.0,2017.8,0.26
75,NSE:KSCL,555.0,554.45,0.1
76,NSE:KOTHARIPRO,108.1,106.45,1.55
77,NSE:KOTARISUG,35.05,35.2,-0.43
78,NSE:KOPRAN,217.25,214.5,1.28
79,NSE:KNRCON,309.85,306.45,1.11
80,NSE:KITEX,166.5,166.35,0.09
81,NSE:KIRLOSENG,223.25,208.95,6.84
82,NSE:KEC,464.85,459.7,1.12
83,NSE:KCPSUGIND,23.75,23.65,0.42
84,NSE:EKC,124.3,122.8,1.22
85,NSE:KSL,404.8,398.35,1.62
86,NSE:KANSAINER,607.0,607.2,-0.03
87,NSE:MRF,84775.6,85166.45,-0.46
88,NSE:TATASTEEL,1422.45,1375.05,3.45
89,NSE:RELIANCE,2705.15,2700.4,0.18
90,NSE:NOCIL,308.6,307.4,0.39
91,NSE:ICIL,291.7,290.9,0.28
92,NSE:TCS,3631.1,3611.45,0.54
93,NSE:SASKEN,1411.4,1379.5,2.31
94,NSE:RELINFRA,99.45,98.55,0.91
95,NSE:PRAJIND,337.3,338.1,-0.24
96,NSE:MARUTI,7664.25,7496.9,2.23
97,NSE:LUPIN,940.05,946.45,-0.68
98,NSE:YESBANK,14.15,13.2,7.2
99,NSE:XPROINDIA,669.0,637.15,5.0
100,NSE:VOLTAS,1333.9,1324.9,0.68
101,NSE:VISAKAIND,680.6,670.2,1.55
102,NSE:UFO,105.85,103.65,2.12
103,NSE:UFLEX,642.0,629.5,1.99
104,NSE:TV18BRDCST,47.9,45.65,4.93
105,NSE:TRIGYN,133.0,128.8,3.26
106,NSE:TRENT,1173.4,1154.45,1.64
107,NSE:TIDEWATER,1799.5,1799.0,0.03
108,NSE:TECHM,1445.0,1430.8,0.99
109,NSE:TATAMOTORS,520.5,497.6,4.6
110,NSE:TATACHEM,1117.95,1084.05,3.13
111,NSE:SUNPHARMA,837.0,841.3,-0.51
112,NSE:SUBROS,355.25,361.65,-1.77
113,NSE:SOUTHBANK,10.95,10.45,4.78
114,NSE:SKFINDIA,3254.2,3280.85,-0.81
115,NSE:SIEMENS,2300.9,2269.35,1.39
116,NSE:MINDTREE,4727.85,4691.2,0.78
117,NSE:MINDAIND,786.15,793.45,-0.92
118,NSE:MEGASOFT,18.8,18.7,0.53
119,NSE:MCDOWELL-N,887.05,888.6,-0.17
120,NSE:MAGNUM,8.35,8.4,-0.6
121,NSE:SABTN,2.5,2.6,-3.85
122,NSE:PNC,41.25,41.35,-0.24
123,NSE:NTPC,151.2,149.4,1.2
124,NSE:NCLIND,250.05,250.85,-0.32
125,NSE:NBCC,49.5,48.45,2.17
126,NSE:UNITEDTEA,422.8,414.2,2.08
127,NSE:RAMANEWS,20.35,20.9,-2.63
128,NSE:NMDC,158.3,153.55,3.09
129,NSE:NIITLTD,356.35,346.95,2.71
130,NSE:NHPC,33.35,30.9,7.93
131,NSE:NELCO,925.7,881.65,5.0
132,NSE:NELCAST,90.7,88.75,2.2
133,NSE:NECCLTD,18.8,18.9,-0.53
134,NSE:CONCOR,691.3,677.35,2.06
135,NSE:UNIONBANK,47.25,44.8,5.47
136,NSE:OMAXE,81.75,81.05,0.86
137,NSE:OMAXAUTO,47.35,48.65,-2.67
138,NSE:OIL,239.0,235.2,1.62
139,NSE:OBEROIRLTY,965.0,956.35,0.9
140,NSE:MCX,1978.45,2067.75,-4.32
141,NSE:LAOPALA,312.55,307.5,1.64
142,NSE:BANKINDIA,61.15,59.85,2.17
143,NSE:BANG,37.0,36.55,1.23
144,NSE:ABAN,66.85,65.3,2.37
145,NSE:ONWARDTEC,225.5,220.7,2.17
146,NSE:TCI,473.35,471.55,0.38
147,NSE:ORIENTBELL,364.9,354.25,3.01
148,NSE:QUINTEGRA,1.05,1.0,5.0
149,NSE:QUICKHEAL,233.5,235.6,-0.89
150,NSE:QGOLDHALF,2039.0,2064.75,-1.25
151,NSE:QNIFTY,1926.0,1910.0,0.84
152,NSE:INDOCO,488.3,463.05,5.45
153,NSE:TEXRAIL,36.95,35.8,3.21
154,NSE:UTTAMSTL,4.25,4.25,0.0
155,NSE:USHAMART,91.4,90.1,1.44
156,NSE:UNITECH,1.8,1.85,-2.7
157,NSE:UNIENTER,130.3,127.45,2.24
158,NSE:UMESLTD,3.9,4.0,-2.5
159,NSE:UGARSUGAR,29.5,29.0,1.72
160,NSE:CUB,172.55,171.35,0.7
161,NSE:BVCL,23.4,22.95,1.96
162,NSE:VSTTILLERS,3232.45,3239.45,-0.22
163,NSE:VSTIND,3850.0,3751.7,2.62
164,NSE:VOLTAMP,1483.0,1478.15,0.33
165,NSE:VIPIND,573.0,575.6,-0.45
166,NSE:VIMTALABS,314.0,297.95,5.39
167,NSE:HMVL,79.55,78.1,1.86
168,NSE:VLSFINANCE,202.0,201.85,0.07
169,NSE:VMART,4425.65,4325.65,2.31
170,NSE:GEECEE,159.5,158.95,0.35
171,NSE:VINYLINDIA,293.35,295.9,-0.86
172,NSE:GNFC,480.8,474.6,1.31
173,NSE:VESUVIUS,1191.3,1193.8,-0.21
174,NSE:VAIBHAVGBL,727.8,714.35,1.88
175,NSE:VADILALIND,1100.0,1072.35,2.58
176,NSE:VASWANI,19.3,17.95,7.52
177,NSE:WIPRO,713.65,708.25,0.76
178,NSE:WANBURY,86.0,82.3,4.5
179,NSE:WELSPUNIND,160.4,160.9,-0.31
180,NSE:WEBELSOLAR,82.9,81.3,1.97
181,NSE:WABCOINDIA,7703.0,7486.85,2.89
182,NSE:WOCKPHARMA,486.25,490.5,-0.87
183,NSE:WHIRLPOOL,2429.05,2445.65,-0.68
184,NSE:WILLAMAGOR,25.35,25.9,-2.12
185,NSE:WENDT,4462.35,4427.2,0.79
186,NSE:ZYDUSWELL,2309.2,2314.15,-0.21
187,NSE:WSTCSTPAPR,274.0,275.75,-0.63
188,NSE:WELENT,101.95,101.45,0.49
189,NSE:SSWL,1855.0,1823.05,1.75
190,NSE:WONDERLA,248.1,246.35,0.71
191,NSE:XCHANGING,113.7,115.95,-1.94
192,NSE:HINDZINC,390.15,346.7,12.53
193,NSE:ZENITHEXPO,93.35,94.0,-0.69
194,NSE:TBZ,90.4,87.8,2.96
195,NSE:ZEEL,315.5,319.85,-1.36
196,NSE:ZUARIGLOB,137.5,136.9,0.44
197,NSE:ZEEMEDIA,13.0,13.25,-1.89
198,NSE:ZUARI,125.7,123.75,1.58
199,NSE:ZEELEARN,14.35,14.35,0.0
200,NSE:ZENTEC,230.5,226.55,1.74
201,NSE:ZENSARTECH,512.5,508.35,0.82
202,NSE:ZODIACLOTH,118.75,118.2,0.47
203,NSE:ZICOM,1.6,1.55,3.23
204,NSE:AARVEEDEN,27.05,27.05,0.0
205,NSE:AARTIIND,1117.5,1107.45,0.91
206,NSE:AARTIDRUGS,629.0,624.6,0.7
207,NSE:ABB,1852.45,1819.0,1.84
208,NSE:ABFRL,272.45,264.25,3.1
209,NSE:ORIENTABRA,30.35,29.95,1.34
210,NSE:ABBOTINDIA,21532.45,21551.55,-0.09
211,NSE:IMPAL,792.0,788.25,0.48
212,NSE:ACCELYA,1399.9,1405.25,-0.38
213,NSE:ACE,266.1,260.2,2.27
214,NSE:TREEHOUSE,9.25,9.3,-0.54
215,NSE:ACC,2303.7,2309.85,-0.27
216,NSE:VARDHACRLC,69.5,66.8,4.04
217,NSE:ADSL,89.6,89.8,-0.22
218,NSE:ADANITRANS,1725.45,1687.3,2.26
219,NSE:ADANIENT,1627.15,1646.35,-1.17
220,NSE:ADVANIHOTR,83.75,83.35,0.48
221,NSE:ONELIFECAP,18.85,18.8,0.27
222,NSE:PRESSMN,29.6,29.15,1.54
223,NSE:ADORWELD,713.0,713.1,-0.01
224,NSE:BIRLAMONEY,66.4,66.1,0.45
225,NSE:ADANIPOWER,123.2,112.0,10.0
226,NSE:SPARC,301.15,293.7,2.54
227,NSE:AEGISCHEM,228.75,227.2,0.68
228,NSE:ARIES,152.0,151.2,0.53
229,NSE:IFBAGRO,703.8,702.05,0.25
230,NSE:ATFL,1048.95,1040.2,0.84
231,NSE:AGCNET,997.4,995.4,0.2
232,NSE:AGRITECH,73.0,75.25,-2.99
233,NSE:AGARIND,372.35,368.55,1.03
234,NSE:GOKULAGRO,43.3,43.0,0.7
235,NSE:HATSUN,1470.85,1457.65,0.91
236,NSE:DHANUKA,827.6,825.1,0.3
237,NSE:NATNLSTEEL,5.5,5.25,4.76
238,NSE:AHLWEST,278.8,276.55,0.81
239,NSE:AHLUCONT,360.0,358.2,0.5
240,NSE:AHLEAST,189.25,188.7,0.29
241,NSE:AIAENG,1916.7,1887.2,1.56
242,NSE:JETAIRWAYS,100.0,99.55,0.45
243,NSE:AJMERA,356.0,350.75,1.5
244,NSE:AJANTPHARM,2205.95,2215.45,-0.43
245,NSE:AKZOINDIA,2214.4,2221.15,-0.3
246,NSE:AKSHOPTFBR,9.1,8.7,4.6
247,NSE:ALLSEC,477.4,466.55,2.33
248,NSE:ALKEM,3883.0,3892.7,-0.25
249,NSE:GUJALKALI,816.15,823.55,-0.9
250,NSE:IMFA,799.8,761.75,5.0
251,NSE:SALSTEEL,9.95,10.0,-0.5
252,NSE:ALICON,807.8,770.8,4.8
253,NSE:APLLTD,811.0,806.6,0.55
254,NSE:SHAHALLOYS,33.9,35.0,-3.14
255,NSE:ALKALI,94.0,98.9,-4.95
256,NSE:ALANKIT,17.7,17.45,1.43
257,NSE:ALEMBICLTD,113.75,113.4,0.31
258,NSE:NATIONALUM,119.35,107.6,10.92
259,NSE:ALLCARGO,282.1,288.25,-2.13
260,NSE:MAITHANALL,1125.55,1105.0,1.86
261,NSE:GAL,2.4,2.35,2.13
262,NSE:ALPA,53.95,54.7,-1.37
263,NSE:MANAKALUCO,20.7,19.9,4.02
264,NSE:MAANALU,143.0,136.2,4.99
265,NSE:ALCHEM,3.15,3.3,-4.55
266,NSE:ALPSINDUS,3.75,3.9,-3.85
267,NSE:ALKYLAMINE,4032.65,3974.45,1.46
268,NSE:ALPHAGEO,438.95,432.0,1.61
269,NSE:GAEL,179.45,177.45,1.13
270,NSE:BANARISUG,2380.0,2381.85,-0.08
271,NSE:AMBIKCO,1984.55,1980.0,0.23
272,NSE:BASML,61.5,62.1,-0.97
273,NSE:AMBUJACEM,411.7,408.75,0.72
274,NSE:AMDIND,33.85,30.8,9.9
275,NSE:AMRUTANJAN,957.7,907.65,5.51
276,NSE:BALAMINES,4505.0,4464.7,0.9
277,NSE:AMARAJABAT,749.8,760.15,-1.36
278,NSE:MRPL,52.25,52.0,0.48
279,NSE:LOTUSEYE,43.75,44.6,-1.91
280,NSE:IOLCP,611.05,608.55,0.41
281,NSE:ANSALAPI,10.75,10.55,1.9
282,NSE:ANIKINDS,22.3,21.95,1.59
283,NSE:ANANTRAJ,73.7,73.2,0.68
284,NSE:DALMIASUG,455.8,454.15,0.36
285,NSE:ANDHRACEMT,16.4,15.65,4.79
286,NSE:SESHAPAPER,184.45,185.75,-0.7
287,NSE:RCF,83.9,82.9,1.21
288,NSE:TAINWALCHM,77.95,78.25,-0.38
289,NSE:EUROTEXIND,13.55,12.95,4.63
290,NSE:MADHAV,61.65,61.1,0.9
291,NSE:ANTGRAPHIC,0.75,0.75,0.0
292,NSE:SUTLEJTEX,68.75,68.2,0.81
293,NSE:ANKITMETAL,3.0,2.9,3.45
294,NSE:BALMLAWRIE,131.5,130.6,0.69
295,NSE:CHOLAFIN,603.25,594.0,1.56
296,NSE:VETO,117.9,117.65,0.21
297,NSE:PGHH,13856.7,13789.3,0.49
298,NSE:SDBL,47.1,46.55,1.18
299,NSE:OISL,1.85,1.9,-2.63
300,NSE:DEEPAKFERT,449.45,421.0,6.76
301,NSE:ANSALHSG,6.55,6.4,2.34
302,NSE:SURANAT&P,10.55,10.15,3.94
303,NSE:ANDHRSUGAR,667.95,667.85,0.01
304,NSE:CARERATING,702.75,680.1,3.33
305,NSE:BLKASHYAP,29.4,29.7,-1.01
306,NSE:COX&KINGS,1.6,1.65,-3.03
307,NSE:TGBHOTELS,12.05,11.6,3.88
308,NSE:WELINV,321.7,331.2,-2.87
309,NSE:APTECHT,306.5,305.6,0.29
310,NSE:APOLSINHOT,868.65,884.55,-1.8
311,NSE:APLAPOLLO,841.25,850.65,-1.11
312,NSE:APARINDS,707.0,696.2,1.55
313,NSE:APOLLOTYRE,241.45,239.8,0.69
314,NSE:APCOTEXIND,421.55,419.3,0.54
315,NSE:APOLLOHOSP,4387.8,4328.4,1.37
316,NSE:BUTTERFLY,996.0,993.85,0.22
317,NSE:GUJAPOLLO,213.0,212.95,0.02
318,NSE:ARSHIYA,35.45,38.25,-7.32
319,NSE:ARSSINFRA,30.8,30.45,1.15
320,NSE:ARIHANT,26.1,26.2,-0.38
321,NSE:ARCHIES,18.5,18.6,-0.54
322,NSE:ARCHIDPLY,32.95,32.95,0.0
323,NSE:AROGRANITE,63.8,63.7,0.16
324,NSE:INTELLECT,714.9,706.3,1.22
325,NSE:ARCOTECH,2.2,2.2,0.0
326,NSE:ARVIND,122.05,120.4,1.37
327,NSE:MUKTAARTS,40.45,40.6,-0.37
328,NSE:GILLANDERS,56.45,58.1,-2.84
329,NSE:ASIANPAINT,3253.75,3297.8,-1.34
330,NSE:ASTEC,1295.5,1284.7,0.84
331,NSE:ASAL,90.05,85.8,4.95
332,NSE:EIHAHOTELS,424.0,425.05,-0.25
333,NSE:ASIANHOTNR,90.25,89.45,0.89
334,NSE:ASHAPURMIN,122.7,124.15,-1.17
335,NSE:ASTRAMICRO,209.95,206.6,1.62
336,NSE:ASTRAZEN,3125.55,3150.95,-0.81
337,NSE:ASTRAL,2349.75,2338.3,0.49
338,NSE:JPASSOCIAT,10.1,9.8,3.06
339,NSE:INFRABEES,552.83,547.1,1.05
340,NSE:ASAHISONG,351.0,349.3,0.49
341,NSE:ASHIANA,186.4,189.65,-1.71
342,NSE:ASHIMASYN,19.6,19.55,0.26
343,NSE:ASIANTILES,151.5,149.95,1.03
344,NSE:ASAHIINDIA,387.05,370.75,4.4
345,NSE:ASHOKA,120.3,116.95,2.86
346,NSE:ATUL,10734.45,10499.55,2.24
347,NSE:ATLASCYCLE,28.85,30.35,-4.94
348,NSE:ATNINTER,0.2,0.2,0.0
349,NSE:ATULAUTO,241.4,237.45,1.66
350,NSE:ATLANTA,13.6,13.35,1.87
351,NSE:BAJAJ-AUTO,3928.05,3965.9,-0.95
352,NSE:MUNJALAU,61.25,60.5,1.24
353,NSE:AUTOLITIND,15.5,14.95,3.68
354,NSE:PPAP,261.95,261.2,0.29
355,NSE:LUMAXTECH,143.7,144.6,-0.62
356,NSE:INDIGO,2064.0,2073.2,-0.44
357,NSE:AVTNPL,90.15,89.85,0.33
358,NSE:AVANTIFEED,569.35,570.2,-0.15
359,NSE:AXISBANK,805.5,802.05,0.43
360,NSE:AXISCADES,91.95,90.75,1.32
361,NSE:AXISGOLD,41.04,41.45,-0.99
362,NSE:AUTOAXLES,1375.0,1349.9,1.86
363,NSE:AYMSYNTEX,110.6,108.65,1.79
364,NSE:ICICIBANK,743.55,727.3,2.23
365,NSE:CANBK,197.0,193.55,1.78
366,NSE:BALLARPUR,1.25,1.2,4.17
367,NSE:INDIANB,172.9,164.5,5.11
368,NSE:HDFCBANK,1685.35,1687.4,-0.12
369,NSE:BASF,3712.0,3587.75,3.46
370,NSE:BAGFILMS,3.15,3.2,-1.56
371,NSE:BANKBEES,400.68,395.99,1.18
372,NSE:PSUBNKBEES,30.56,29.59,3.28
373,NSE:BAJFINANCE,7881.3,7862.9,0.23
374,NSE:BBL,1379.0,1361.9,1.26
375,NSE:BBTC,1148.05,1153.6,-0.48
376,NSE:BEML,1672.5,1659.7,0.77
377,NSE:BEDMUTHA,54.0,51.45,4.96
378,NSE:BERGEPAINT,837.45,838.45,-0.12
379,NSE:NRBBEARING,146.55,145.55,0.69
380,NSE:NIBL,28.5,31.65,-9.95
381,NSE:MENONBE,83.0,81.1,2.34
382,NSE:BEL,219.2,210.55,4.11
383,NSE:NIFTYBEES,198.95,197.11,0.93
384,NSE:LIQUIDBEES,1000.0,1000.0,0.0
385,NSE:SHARIABEES,456.52,452.63,0.86
386,NSE:GOLDBEES,41.08,41.52,-1.06
387,NSE:BANARBEADS,79.5,80.2,-0.87
388,NSE:HNGSNGBEES,325.5,322.63,0.89
389,NSE:BFUTILITIE,466.0,467.9,-0.41
390,NSE:BFINVEST,379.15,376.35,0.74
391,NSE:BGRENERGY,73.45,69.4,5.84
392,NSE:BGLOBAL,2.7,2.6,3.85
393,NSE:BHEL,75.05,74.35,0.94
394,NSE:BHARATFORG,805.0,801.0,0.5
395,NSE:BHARATGEAR,178.0,177.05,0.54
396,NSE:JAYBARMARU,217.45,221.2,-1.7
397,NSE:BHAGERIA,297.9,293.5,1.5
398,NSE:BHARATRAS,12116.4,12237.35,-0.99
399,NSE:BEPL,201.95,201.15,0.4
400,NSE:BHARATWIRE,65.2,64.25,1.48
401,NSE:BIL,225.3,224.7,0.27
402,NSE:NBVENTURES,128.35,124.0,3.51
403,NSE:BIOCON,342.75,347.65,-1.41
404,NSE:BSLNIFTY,204.65,202.97,0.83
405,NSE:NATHBIOGEN,324.75,324.1,0.2
406,NSE:BINDALAGRO,24.4,24.15,1.04
407,NSE:BILENERGY,0.6,0.65,-7.69
408,NSE:BSLGOLDETF,4321.1,4361.15,-0.92
409,NSE:PANACEABIO,268.8,270.7,-0.7
410,NSE:GUFICBIO,194.0,194.3,-0.15
411,NSE:BIRLACORPN,1421.2,1426.7,-0.39
412,NSE:HESTERBIO,2554.95,2520.45,1.37
413,NSE:BLBLIMITED,12.35,12.95,-4.63
414,NSE:PHILIPCARB,250.65,249.95,0.28
415,NSE:BLUEDART,6500.0,6508.6,-0.13
416,NSE:BLUECOAST,5.9,5.9,0.0
417,NSE:BLISSGVS,111.55,111.4,0.13
418,NSE:BLUECHIP,0.45,0.4,12.5
419,NSE:BLUESTARCO,924.6,914.85,1.07
420,NSE:BODALCHEM,140.3,141.65,-0.95
421,NSE:BOMDYEING,102.2,102.9,-0.68
422,NSE:GENUSPAPER,13.0,12.4,4.84
423,NSE:CEBBCO,34.3,33.65,1.93
424,NSE:BRFL,7.3,7.2,1.39
425,NSE:BPL,137.15,144.35,-4.99
426,NSE:DBSTOCKBRO,18.0,17.95,0.28
427,NSE:UBL,1699.4,1709.35,-0.58
428,NSE:SUNDRMBRAK,415.0,417.2,-0.53
429,NSE:KIRLOSBROS,399.85,403.15,-0.82
430,NSE:BROOKS,133.1,130.8,1.76
431,NSE:RBL,913.9,880.9,3.75
432,NSE:NOIDATOLL,7.15,7.5,-4.67
433,NSE:BSL,81.25,84.8,-4.19
434,NSE:BURNPUR,4.0,3.85,3.9
435,NSE:BYKE,36.15,36.25,-0.28
436,NSE:GOACARBON,398.7,389.1,2.47
437,NSE:ELECTCAST,37.1,36.55,1.5
438,NSE:CASTROLIND,148.15,146.75,0.95
439,NSE:CANDC,3.3,3.2,3.12
440,NSE:CADILAHC,535.8,544.1,-1.53
441,NSE:CCCL,0.5,0.5,0.0
442,NSE:CCHHL,7.4,7.3,1.37
443,NSE:CCL,411.35,411.05,0.07
444,NSE:IDEA,10.65,10.75,-0.93
445,NSE:ITDCEM,95.9,92.25,3.96
446,NSE:CESC,95.05,93.75,1.39
447,NSE:CERA,6198.95,5606.6,10.57
448,NSE:CEATLTD,1364.0,1355.95,0.59
449,NSE:RAMCOCEM,1004.35,994.4,1.0
450,NSE:CENTEXT,9.3,9.2,1.09
451,NSE:ULTRACEMCO,7459.25,7395.5,0.86
452,NSE:KOVAI,1671.6,1648.8,1.38
453,NSE:MANGLMCEM,445.05,445.55,-0.11
454,NSE:CEREBRAINT,54.3,54.6,-0.55
455,NSE:SOMANYCERA,839.95,834.3,0.68
456,NSE:SHREECEM,28170.0,27956.45,0.76
457,NSE:KAKATCEM,256.05,254.6,0.57
458,NSE:GSCLCEMENT,52.1,51.4,1.36
459,NSE:CENTURYPLY,557.15,528.9,5.34
460,NSE:ORIENTCEM,163.15,162.25,0.55
461,NSE:MURUDCERA,27.9,27.65,0.9
462,NSE:CENTRALBK,23.5,23.2,1.29
463,NSE:REGENCERAM,1.85,1.85,0.0
464,NSE:SHYAMCENT,14.4,14.3,0.7
465,NSE:CENTURYTEX,953.3,962.65,-0.97
466,NSE:JKLAKSHMI,625.0,631.25,-0.99
467,NSE:CELEBRITY,10.55,11.1,-4.95
468,NSE:DECCANCE,783.5,769.45,1.83
469,NSE:CENTUM,562.95,541.5,3.96
470,NSE:CENTENKA,462.7,459.2,0.76
471,NSE:INDIACEM,223.5,214.4,4.24
472,NSE:KAJARIACER,1310.95,1303.7,0.56
473,NSE:CGCL,516.5,519.65,-0.61
474,NSE:SUDARSCHEM,666.75,664.0,0.41
475,NSE:CLNINDIA,604.1,602.25,0.31
476,NSE:CHROMATIC,0.9,0.95,-5.26
477,NSE:RAJSREESUG,27.55,27.7,-0.54
478,NSE:TIRUMALCHM,280.35,289.65,-3.21
479,NSE:CIPLA,905.0,911.35,-0.7
480,NSE:CIGNITITEC,612.85,615.0,-0.35
481,NSE:CINEVISTA,15.9,15.15,4.95
482,NSE:MAHINDCIE,270.15,250.55,7.82
483,NSE:OPTOCIRCUI,3.3,3.25,1.54
484,NSE:CINELINE,129.95,123.8,4.97
485,NSE:SHRIRAMCIT,2231.5,2188.75,1.95
486,NSE:INDIANCARD,179.9,177.65,1.27
487,NSE:KKCL,1040.0,1024.05,1.56
488,NSE:CPSEETF,32.71,32.06,2.03
489,NSE:GANESHHOUC,224.0,223.1,0.4
490,NSE:CREATIVEYE,3.85,3.85,0.0
491,NSE:CRISIL,3042.65,2978.9,2.14
492,NSE:SHARDACROP,320.25,318.95,0.41
493,NSE:SATIN,77.7,77.4,0.39
494,NSE:PUNJABCHEM,1554.0,1531.8,1.45
495,NSE:CREST,123.3,123.15,0.12
496,NSE:BAYERCROP,5248.15,5244.6,0.07
497,NSE:CTE,63.65,62.9,1.19
498,NSE:CURATECH,1.6,1.6,0.0
499,NSE:CUBEXTUB,24.85,23.8,4.41
500,NSE:CUMMINSIND,926.35,903.15,2.57
501,NSE:CYBERTECH,177.0,174.85,1.23
502,NSE:CYBERMEDIA,9.65,10.1,-4.46
503,NSE:CYIENT,1182.05,1159.8,1.92
504,NSE:COFFEEDAY,39.25,36.95,6.22
505,NSE:HATHWAY,27.2,26.85,1.3
506,NSE:UMANGDAIRY,80.25,79.45,1.01
507,NSE:DAAWAT,72.75,73.6,-1.15
508,NSE:DATAMATICS,350.1,358.85,-2.44
509,NSE:DBREALTY,41.3,39.35,4.96
510,NSE:DBCORP,97.7,96.45,1.3
511,NSE:DCW,52.0,52.8,-1.52
512,NSE:DCM,53.3,51.25,4.0
513,NSE:DCBBANK,95.65,93.25,2.57
514,NSE:DCMSHRIRAM,1205.0,1191.1,1.17
515,NSE:DELTACORP,298.3,289.9,2.9
516,NSE:HIL,5238.9,5195.25,0.84
517,NSE:NDL,74.3,75.6,-1.72
518,NSE:DHUNINV,638.5,638.45,0.01
519,NSE:DTIL,287.5,286.8,0.24
520,NSE:DHARSUGAR,20.35,20.5,-0.73
521,NSE:DHAMPURSUG,332.4,325.6,2.09
522,NSE:DHANBANK,16.95,16.7,1.5
523,NSE:DISHTV,18.5,19.0,-2.63
524,NSE:DIAPOWER,1.55,1.6,-3.13
525,NSE:GDL,285.05,288.3,-1.13
526,NSE:RKDL,14.2,14.55,-2.41
527,NSE:DICIND,464.85,460.05,1.04
528,NSE:PIONDIST,180.1,180.6,-0.28
529,NSE:DIVISLAB,5327.4,5372.15,-0.83
530,NSE:DLF,440.8,434.9,1.36
531,NSE:DLINKINDIA,146.4,146.1,0.21
532,NSE:DONEAR,59.1,58.85,0.42
533,NSE:DQE,0.9,0.9,0.0
534,NSE:PDPL,2.95,2.95,0.0
535,NSE:KILITCH,166.25,167.05,-0.48
536,NSE:LALPATHLAB,3667.15,3683.3,-0.44
537,NSE:MANGALAM,143.0,141.35,1.17
538,NSE:DREDGECORP,377.45,377.95,-0.13
539,NSE:JINDRILL,153.4,150.85,1.69
540,NSE:DSSL,168.5,168.75,-0.15
541,NSE:DWARKESH,75.85,75.45,0.53
542,NSE:DYNAMATECH,2837.0,2780.1,2.05
543,NSE:GESHIP,354.25,358.45,-1.17
544,NSE:EASUNREYRL,2.95,2.9,1.72
545,NSE:EASTSILK,5.25,5.5,-4.55
546,NSE:EBANK,3890.0,3965.0,-1.89
547,NSE:ECLERX,2339.95,2300.1,1.73
548,NSE:VIKASECO,2.2,2.1,4.76
549,NSE:GANECOS,499.95,482.55,3.61
550,NSE:EDUCOMP,2.95,3.0,-1.67
551,NSE:EDELWEISS,82.4,79.65,3.45
552,NSE:MTEDUCARE,9.0,8.95,0.56
553,NSE:NAUKRI,7008.2,7008.85,-0.01
554,NSE:NIFTYEES,22705.0,22705.0,0.0
555,NSE:NAVNETEDUL,114.2,115.35,-1.0
556,NSE:SKMEGGPROD,84.6,85.2,-0.7
557,NSE:EICHERMOT,2841.75,2853.2,-0.4
558,NSE:EIHOTEL,144.4,141.85,1.8
559,NSE:EIMCOELECO,409.25,395.2,3.56
560,NSE:EIDPARRY,486.0,484.95,0.22
561,NSE:ELGIEQUIP,203.2,204.6,-0.68
562,NSE:TVSELECT,176.4,169.5,4.07
563,NSE:MIRCELECTR,21.5,20.8,3.37
564,NSE:BAJAJELEC,1301.9,1274.95,2.11
565,NSE:INDNIPPON,415.0,404.5,2.6
566,NSE:ELECTHERM,135.5,141.7,-4.38
567,NSE:ELGIRUBCO,40.3,39.7,1.51
568,NSE:KECL,24.15,24.75,-2.42
569,NSE:PGEL,541.25,545.75,-0.82
570,NSE:ELECON,166.0,166.15,-0.09
571,NSE:SALZERELEC,166.4,165.55,0.51
572,NSE:EMCO,2.1,2.2,-4.55
573,NSE:PIONEEREMB,62.5,61.85,1.05
574,NSE:EMAMILTD,552.3,550.25,0.37
575,NSE:EMMBI,108.25,108.05,0.19
576,NSE:EMKAY,119.25,117.1,1.84
577,NSE:SHEMAROO,144.0,148.6,-3.1
578,NSE:SADBHAV,55.75,54.95,1.46
579,NSE:RELIGARE,175.0,172.2,1.63
580,NSE:PATELENG,27.5,27.75,-0.9
581,NSE:ENIL,188.55,186.4,1.15
582,NSE:KARMAENG,22.5,23.2,-3.02
583,NSE:A2ZINFRA,4.85,4.65,4.3
584,NSE:SHRIRAMEPC,6.8,7.15,-4.9
585,NSE:REVATHI,661.75,668.4,-0.99
586,NSE:EROSMEDIA,21.25,21.35,-0.47
587,NSE:ESSARSHPNG,11.8,11.15,5.83
588,NSE:ESCORTS,1539.25,1520.95,1.2
589,NSE:ESABINDIA,2464.0,2423.0,1.69
590,NSE:ESTER,154.7,148.3,4.32
591,NSE:IBREALEST,180.25,164.1,9.84
592,NSE:PRESTIGE,457.35,453.55,0.84
593,NSE:KOTAKNIFTY,194.15,192.42,0.9
594,NSE:KOTAKGOLD,41.38,41.78,-0.96
595,NSE:UTISENSETF,649.61,640.48,1.43
596,NSE:GOLDSHARE,41.35,41.7,-0.84
597,NSE:KOTAKBKETF,400.85,396.49,1.1
598,NSE:IDBIGOLD,4370.0,4414.9,-1.02
599,NSE:HDFCMFGETF,42.22,42.56,-0.8
600,NSE:HDFCNIFETF,196.84,194.96,0.96
601,NSE:HDFCSENETF,663.8,652.5,1.73
602,NSE:UTINIFTETF,1935.01,1935.83,-0.04
603,NSE:KOTAKPSUBK,271.11,266.31,1.8
604,NSE:KOTAKNV20,102.15,100.84,1.3
605,NSE:EUROMULTI,1.45,1.4,3.57
606,NSE:EVEREADY,382.95,384.55,-0.42
607,NSE:EVERESTIND,454.8,443.65,2.51
608,NSE:EXIDEIND,187.4,186.0,0.75
609,NSE:HINDOILEXP,198.6,196.55,1.04
610,NSE:EXCELINDUS,1080.1,1066.85,1.24
611,NSE:NORBTEAEXP,7.3,7.3,0.0
612,NSE:NAGREEKEXP,31.85,32.85,-3.04
613,NSE:NUCLEUS,593.1,593.7,-0.1
614,NSE:ORBTEXP,81.65,79.75,2.38
615,NSE:SELAN,164.45,161.1,2.08
616,NSE:RAJESHEXPO,647.5,646.6,0.14
617,NSE:EXCEL,3.2,3.1,3.23
618,NSE:KABRAEXTRU,246.5,249.35,-1.14
619,NSE:SAKUMA,10.5,10.5,0.0
620,NSE:GOKEX,228.05,221.25,3.07
621,NSE:PDSMFL,1389.75,1276.2,8.9
622,NSE:MONTECARLO,392.75,392.05,0.18
623,NSE:SUNDRMFAST,936.55,939.75,-0.34
624,NSE:INDTERRAIN,48.1,47.9,0.42
625,NSE:FLFL,64.1,64.05,0.08
626,NSE:FCSSOFT,1.6,1.55,3.23
627,NSE:FCL,124.9,124.45,0.36
628,NSE:FDC,356.5,354.1,0.68
629,NSE:FMGOETZE,277.45,279.0,-0.56
630,NSE:FEDERALBNK,96.25,93.1,3.38
631,NSE:GSFC,137.05,136.2,0.62
632,NSE:SHREEPUSHK,240.3,238.8,0.63
633,NSE:ROHITFERRO,11.7,11.15,4.93
634,NSE:IMPEXFERRO,1.2,1.2,0.0
635,NSE:CHAMBLFERT,388.55,383.35,1.36
636,NSE:NFL,59.35,59.35,0.0
637,NSE:MADRASFERT,31.35,30.9,1.46
638,NSE:SRTRANSFIN,1413.95,1383.55,2.2
639,NSE:SARLAPOLY,56.2,55.6,1.08
640,NSE:IBULHSGFIN,247.8,237.5,4.34
641,NSE:FSL,216.65,217.6,-0.44
642,NSE:GICHSGFIN,161.55,159.0,1.6
643,NSE:CAMLINFINE,189.3,187.6,0.91
644,NSE:CONSOFINVT,168.85,167.25,0.96
645,NSE:JMFINANCIL,95.8,93.95,1.97
646,NSE:SUNDARMFIN,2465.0,2454.65,0.42
647,NSE:NAHARCAP,296.1,290.4,1.96
648,NSE:GLFL,3.2,2.95,8.47
649,NSE:FILATEX,117.85,115.55,1.99
650,NSE:TCIFINANCE,5.3,5.3,0.0
651,NSE:NAHARPOLY,248.55,242.8,2.37
652,NSE:NITINFIRE,1.2,1.25,-4.0
653,NSE:MOTILALOFS,916.45,906.55,1.09
654,NSE:NAVINFLUOR,3974.95,3934.25,1.03
655,NSE:FLEXITUFF,18.5,17.5,5.71
656,NSE:FMNL,10.55,10.55,0.0
657,NSE:MMFL,921.1,885.35,4.04
658,NSE:FOSECOIND,1481.95,1486.6,-0.31
659,NSE:FORTIS,266.55,274.45,-2.88
660,NSE:ADFFOODS,967.0,958.3,0.91
661,NSE:RKFORGE,1178.45,1163.35,1.3
662,NSE:HERITGFOOD,478.25,473.45,1.01
663,NSE:METALFORGE,5.55,5.4,2.78
664,NSE:PFOCUS,91.65,87.3,4.98
665,NSE:RELAXO,1380.6,1352.1,2.11
666,NSE:HILTON,13.75,13.1,4.96
667,NSE:LGBFORGE,6.85,6.55,4.58
668,NSE:KALYANIFRG,200.9,199.65,0.63
669,NSE:HFCL,81.5,78.95,3.23
670,NSE:UCALFUEL,161.05,161.55,-0.31
671,NSE:IGL,506.0,509.8,-0.75
672,NSE:GABRIEL,155.75,156.25,-0.32
673,NSE:GALLISPAT,53.55,53.05,0.94
674,NSE:GATI,149.0,146.65,1.6
675,NSE:GUJGASLTD,645.5,628.8,2.66
676,NSE:GANDHITUBE,442.0,438.95,0.69
677,NSE:ONGC,163.7,159.05,2.92
678,NSE:INTEGRA,4.5,4.6,-2.17
679,NSE:GANGOTRI,1.15,1.1,4.55
680,NSE:GAYAPROJ,49.55,49.3,0.51
681,NSE:GALLANTT,78.95,80.45,-1.86
682,NSE:GENUSPOWER,87.45,83.4,4.86
683,NSE:LYPSAGEMS,5.4,5.6,-3.57
684,NSE:GENESYS,281.25,293.95,-4.32
685,NSE:SHANTIGEAR,164.05,163.9,0.09
686,NSE:MOTOGENFIN,25.7,25.5,0.78
687,NSE:HITECHGEAR,263.4,258.1,2.05
688,NSE:GHCL,467.35,458.35,1.96
689,NSE:PNBGILTS,69.4,68.45,1.39
690,NSE:GIPCL,98.1,96.25,1.92
691,NSE:GIRRESORTS,119.95,119.95,0.0
692,NSE:GINNIFILA,34.65,34.15,1.46
693,NSE:GISOLUTION,3.95,3.8,3.95
694,NSE:GILLETTE,5874.95,5832.85,0.72
695,NSE:GKWLIMITED,684.2,689.25,-0.73
696,NSE:GLOBUSSPR,1447.6,1454.8,-0.49
697,NSE:GLENMARK,521.05,524.8,-0.71
698,NSE:GLAXO,1489.95,1481.7,0.56
699,NSE:INDIAGLYCO,935.0,931.8,0.34
700,NSE:SGL,16.05,16.65,-3.6
701,NSE:ONMOBILE,123.95,118.15,4.91
702,NSE:HINDNATGLS,36.3,35.8,1.4
703,NSE:GLOBALVECT,58.5,56.4,3.72
704,NSE:HGS,2874.95,2845.05,1.05
705,NSE:PGIL,308.35,311.15,-0.9
706,NSE:GMBREW,824.25,838.85,-1.74
707,NSE:GMDCLTD,77.9,78.05,-0.19
708,NSE:GMRINFRA,43.5,43.4,0.23
709,NSE:GODREJIND,575.3,569.35,1.05
710,NSE:GPIL,1424.5,1356.7,5.0
711,NSE:GODREJCP,1040.75,1038.7,0.2
712,NSE:GOKUL,27.7,27.8,-0.36
713,NSE:GOLDENTOBC,155.1,147.75,4.97
714,NSE:GOCLCORP,358.75,365.85,-1.94
715,NSE:SHIRPUR-G,4.95,5.2,-4.81
716,NSE:GOLDTECH,40.05,42.15,-4.98
717,NSE:GOLDIAM,984.0,958.65,2.64
718,NSE:SETFGOLD,4207.85,4249.5,-0.98
719,NSE:GODREJPROP,2494.9,2502.75,-0.31
720,NSE:GOODLUCK,305.8,305.15,0.21
721,NSE:GODFRYPHLP,1332.0,1329.95,0.15
722,NSE:GPPL,113.0,113.15,-0.13
723,NSE:GULFPETRO,54.75,55.05,-0.54
724,NSE:GREAVESCOT,140.75,140.3,0.32
725,NSE:GRANULES,324.9,328.4,-1.07
726,NSE:GSS,83.6,83.65,-0.06
727,NSE:GTLINFRA,1.75,1.7,2.94
728,NSE:GTL,14.75,14.9,-1.01
729,NSE:GTNTEX,8.25,8.25,0.0
730,NSE:GULFOILLUB,596.3,593.8,0.42
731,NSE:GULPOLY,330.8,315.05,5.0
732,NSE:TIMESGTY,52.95,53.3,-0.66
733,NSE:GVKPIL,2.5,2.6,-3.85
734,NSE:TAJGVK,153.95,147.8,4.16
735,NSE:HARRMALAYA,187.0,187.55,-0.29
736,NSE:HAVELLS,1472.95,1474.1,-0.08
737,NSE:HBLPOWER,58.8,54.7,7.5
738,NSE:HCLTECH,1224.85,1251.15,-2.1
739,NSE:HCG,255.55,255.95,-0.16
740,NSE:HCL-INSYS,14.15,13.95,1.43
741,NSE:HEIDELBERG,258.6,255.35,1.27
742,NSE:HEG,2368.0,2360.25,0.33
743,NSE:HEXATRADEX,173.45,170.8,1.55
744,NSE:HERCULES,148.4,147.8,0.41
745,NSE:TTKHLTCARE,684.45,682.75,0.25
746,NSE:HEROMOTOCO,2933.3,2927.8,0.19
747,NSE:HINDMOTORS,17.3,15.75,9.84
748,NSE:HINDCOMPOS,326.9,323.75,0.97
749,NSE:HINDCOPPER,144.8,132.35,9.41
750,NSE:HIKAL,525.8,522.75,0.58
751,NSE:BAJAJHIND,14.9,14.7,1.36
752,NSE:HINDALCO,550.9,516.1,6.74
753,NSE:HIMATSEIDE,262.3,269.05,-2.51
754,NSE:BAJAJHLDNG,4767.75,4745.65,0.47
755,NSE:HMT,30.6,31.5,-2.86
756,NSE:NH,515.6,514.8,0.16
757,NSE:HSIL,236.3,226.85,4.17
758,NSE:HTMEDIA,26.35,26.2,0.57
759,NSE:INDIANHUME,204.6,203.0,0.79
760,NSE:HUBTOWN,38.15,36.35,4.95
761,NSE:ICRA,3717.95,3575.35,3.99
762,NSE:IDFC,55.3,54.2,2.03
763,NSE:IFCI,14.2,13.9,2.16
764,NSE:IFBIND,1172.8,1168.4,0.38
765,NSE:IGARASHI,575.95,580.75,-0.83
766,NSE:IGPL,881.0,875.95,0.58
767,NSE:IITL,73.05,74.4,-1.81
768,NSE:IIFL,293.9,294.6,-0.24
769,NSE:IL&FSENGG,4.75,4.8,-1.04
770,NSE:IVC,6.3,6.0,5.0
771,NSE:IL&FSTRANS,3.85,3.95,-2.53
772,NSE:INDLMETER,13.4,12.85,4.28
773,NSE:IOB,23.05,22.7,1.54
774,NSE:IOC,137.65,134.4,2.42
775,NSE:IPCALAB,2437.3,2422.2,0.62
776,NSE:SUNFLAG,86.3,83.6,3.23
777,NSE:ISMTLTD,36.5,34.8,4.89
778,NSE:ISFT,148.5,150.6,-1.39
779,NSE:SMLISUZU,622.4,612.45,1.62
780,NSE:SATHAISPAT,3.25,3.25,0.0
781,NSE:ITC,262.25,256.55,2.22
782,NSE:ITI,127.7,128.0,-0.23
783,NSE:PILITA,7.4,7.4,0.0
784,NSE:IVP,118.0,114.0,3.51
785,NSE:IZMO,96.3,96.75,-0.47
786,NSE:JAGSNPHARM,163.75,151.0,8.44
787,NSE:JAINSTUDIO,2.3,2.2,4.55
788,NSE:JAYNECOIND,26.6,25.9,2.7
789,NSE:JAYSREETEA,110.8,110.4,0.36
790,NSE:JPINFRATEC,2.25,2.3,-2.17
791,NSE:JBCHEPHARM,1759.4,1799.85,-2.25
792,NSE:JBMA,629.45,631.95,-0.4
793,NSE:THANGAMAYL,1398.0,1356.3,3.07
794,NSE:JHS,26.3,26.65,-1.31
795,NSE:JSLHISAR,328.65,319.65,2.82
796,NSE:JIKIND,0.55,0.5,10.0
797,NSE:JINDALSTEL,460.5,446.5,3.14
798,NSE:JINDALPOLY,1074.0,1019.7,5.33
799,NSE:JSL,181.05,172.05,5.23
800,NSE:JMTAUTOLTD,3.15,3.15,0.0
801,NSE:JMCPROJECT,115.0,113.7,1.14
802,NSE:JOCIL,230.0,229.7,0.13
803,NSE:JYOTISTRUC,19.55,18.65,4.83
804,NSE:KAMDHENU,260.05,246.15,5.65
805,NSE:KALPATPOWR,445.5,443.45,0.46
806,NSE:KANANIIND,9.2,9.05,1.66
807,NSE:KAMATHOTEL,64.1,63.1,1.58
808,NSE:KARURVYSYA,50.65,49.25,2.84
809,NSE:KAYA,558.0,550.15,1.43
810,NSE:KTKBANK,71.95,71.35,0.84
811,NSE:PKTEA,325.0,327.65,-0.81
812,NSE:KANORICHEM,197.95,194.6,1.72
813,NSE:KICL,2118.1,2135.9,-0.83
814,NSE:KAVVERITEL,8.6,8.2,4.88
815,NSE:KCP,144.45,142.55,1.33
816,NSE:KDDL,512.4,517.9,-1.06
817,NSE:KEI,998.9,939.7,6.3
818,NSE:KERNEX,82.95,82.6,0.42
819,NSE:KELLTONTEC,52.25,51.6,1.26
820,NSE:KESORAMIND,70.05,70.85,-1.13
821,NSE:SHK,156.45,155.25,0.77
822,NSE:RADICO,1130.85,1095.3,3.25
823,NSE:KHANDSE,17.25,17.2,0.29
824,NSE:KHAITANLTD,38.0,37.25,2.01
825,NSE:KIRIINDUS,529.7,533.8,-0.77
826,NSE:KIRLOSIND,1630.0,1619.9,0.62
827,NSE:KMSUGAR,27.3,27.35,-0.18
828,NSE:KOTHARIPET,52.15,52.4,-0.48
829,NSE:KOKUYOCMLN,68.65,68.2,0.66
830,NSE:KOLTEPATIL,324.9,326.1,-0.37
831,NSE:KRBL,323.1,320.85,0.7
832,NSE:KRIDHANINF,5.3,5.15,2.91
833,NSE:KWALITY,2.2,2.2,0.0
834,NSE:LT,1796.65,1789.3,0.41
835,NSE:MOREPENLAB,54.55,54.7,-0.27
836,NSE:LYKALABS,81.5,79.0,3.16
837,NSE:UNICHEMLAB,261.5,264.25,-1.04
838,NSE:LAKPRE,4.6,4.65,-1.08
839,NSE:LAMBODHARA,87.45,87.45,0.0
840,NSE:VIVIMEDLAB,21.35,21.55,-0.93
841,NSE:INDSWFTLAB,63.05,63.1,-0.08
842,NSE:NEULANDLAB,1732.25,1823.4,-5.0
843,NSE:LAXMIMACH,9160.5,9032.8,1.41
844,NSE:PENINLAND,12.1,12.1,0.0
845,NSE:CAPLIPOINT,912.7,907.8,0.54
846,NSE:LFIC,80.5,79.75,0.94
847,NSE:LCCINFOTEC,1.85,1.9,-2.63
848,NSE:INOXLEISUR,417.05,415.4,0.4
849,NSE:LGBBROSLTD,514.0,494.3,3.99
850,NSE:SUVEN,115.3,117.3,-1.71
851,NSE:SONATSOFTW,934.3,934.5,-0.02
852,NSE:RPGLIFE,656.0,669.6,-2.03
853,NSE:MOTHERSUMI,243.15,246.55,-1.38
854,NSE:MCLEODRUSS,30.4,29.6,2.7
855,NSE:COUNCODOS,3.5,3.6,-2.78
856,NSE:COROMANDEL,872.4,863.2,1.07
857,NSE:MOIL,172.55,168.9,2.16
858,NSE:SYMPHONY,1083.8,1072.4,1.06
859,NSE:NECLIFE,30.65,30.4,0.82
860,NSE:PHOENIXLTD,985.0,977.65,0.75
861,NSE:MAJESCO,92.0,91.45,0.6
862,NSE:MANGTIMBER,17.6,17.75,-0.85
863,NSE:BANCOINDIA,194.35,195.5,-0.59
864,NSE:UPL,755.0,747.85,0.96
865,NSE:INDUSINDBK,1223.0,1210.0,1.07
866,NSE:GRAVITA,207.5,206.4,0.53
867,NSE:CASTEXTECH,0.8,0.75,6.67
868,NSE:PUNJLLOYD,1.9,1.85,2.7
869,NSE:PETRONET,235.65,230.5,2.23
870,NSE:SICAL,21.6,19.65,9.92
871,NSE:PATINTLOG,22.95,22.75,0.88
872,NSE:SHREYAS,387.95,391.65,-0.94
873,NSE:LOVABLE,134.5,134.8,-0.22
874,NSE:LOKESHMACH,52.1,52.35,-0.48
875,NSE:SNOWMAN,43.9,42.9,2.33
876,NSE:VRLLOG,396.5,385.05,2.97
877,NSE:SAKHTISUG,15.3,15.85,-3.47
878,NSE:PRIMESECU,121.85,116.05,5.0
879,NSE:INFOMEDIA,4.25,4.05,4.94
880,NSE:TVSMOTOR,582.1,583.8,-0.29
881,NSE:TTML,55.65,53.0,5.0
882,NSE:TRF,160.1,158.8,0.82
883,NSE:TITAN,2656.0,2564.05,3.59
884,NSE:TIJARIA,7.2,7.25,-0.69
885,NSE:TI,48.4,46.1,4.99
886,NSE:THERMAX,1410.2,1387.7,1.62
887,NSE:TATAMTRDVR,266.1,247.65,7.45
888,NSE:TATACOMM,1487.25,1440.0,3.28
889,NSE:TAKE,51.6,51.65,-0.1
890,NSE:SURANASOL,24.45,23.3,4.94
891,NSE:LUXIND,3812.05,3755.15,1.52
892,NSE:LUMAXIND,1449.95,1455.45,-0.38
893,NSE:MTNL,20.0,19.85,0.76
894,NSE:MASTEK,3293.75,3225.85,2.1
895,NSE:MARKSANS,69.65,70.0,-0.5
896,NSE:MALUPAPER,36.65,36.7,-0.14
897,NSE:MANINDS,115.05,113.0,1.81
898,NSE:MARICO,583.05,579.3,0.65
899,NSE:M&MFIN,187.8,185.2,1.4
900,NSE:MANAKSTEEL,33.1,31.75,4.25
901,NSE:MANINFRA,111.9,110.05,1.68
902,NSE:MBLINFRA,22.5,22.05,2.04
903,NSE:MCDHOLDING,84.15,80.15,4.99
904,NSE:SAMBHAAV,3.0,2.9,3.45
905,NSE:RADAAN,1.45,1.45,0.0
906,NSE:PRECOT,251.8,253.7,-0.75
907,NSE:POLYMED,961.6,992.55,-3.12
908,NSE:MEP,26.8,26.9,-0.37
909,NSE:SHILPAMED,625.55,638.95,-2.1
910,NSE:MELSTAR,3.65,3.55,2.82
911,NSE:RATNAMANI,2211.35,2211.35,0.0
912,NSE:INDRAMEDCO,79.95,80.05,-0.12
913,NSE:MFSL,999.9,988.25,1.18
914,NSE:MHRIL,247.75,242.8,2.04
915,NSE:MIRZAINT,65.3,64.2,1.71
916,NSE:20MICRONS,63.1,62.35,1.2
917,NSE:MINDACORP,134.25,133.25,0.75
918,NSE:SARDAEN,833.0,770.25,8.15
919,NSE:MMTC,48.2,47.1,2.34
920,NSE:MORARJEE,18.9,19.3,-2.07
921,NSE:MOHITIND,12.35,12.35,0.0
922,NSE:MOLDTKPAC,708.55,730.05,-2.95
923,NSE:SHARDAMOTR,670.0,691.35,-3.09
924,NSE:SANGHVIMOV,201.05,203.5,-1.2
925,NSE:MPHASIS,3370.35,3266.6,3.18
926,NSE:MPSLTD,684.25,691.6,-1.06
927,NSE:MRO-TEK,67.4,64.2,4.98
928,NSE:MSPL,9.9,9.9,0.0
929,NSE:SHREERAMA,14.05,13.85,1.44
930,NSE:SUNDARAM,2.0,2.0,0.0
931,NSE:3RDROCK,64.6,64.6,0.0
932,NSE:MUKANDLTD,144.0,141.95,1.44
933,NSE:MUNJALSHOW,139.05,137.65,1.02
934,NSE:MUTHOOTCAP,406.05,406.95,-0.22
935,NSE:MUKANDENGG,26.25,26.25,0.0
936,NSE:NAVKARCORP,43.05,42.7,0.82
937,NSE:NATCOPHARM,891.1,889.85,0.14
938,NSE:NSIL,1866.0,1805.05,3.38
939,NSE:NAHARSPING,454.75,433.1,5.0
940,NSE:NAGREEKCAP,7.85,7.95,-1.26
941,NSE:PNB,44.75,42.55,5.17
942,NSE:NAHARINDUS,116.5,113.95,2.24
943,NSE:TNPL,140.5,141.25,-0.53
944,NSE:NCC,83.3,81.5,2.21
945,NSE:NDTV,82.7,82.55,0.18
946,NSE:SUNTV,556.1,554.45,0.3
947,NSE:NESCO,674.05,667.0,1.06
948,NSE:RAJTV,36.45,36.05,1.11
949,NSE:NETWORK18,88.7,78.75,12.63
950,NSE:NESTLEIND,19379.15,19325.4,0.28
951,NSE:NEXTMEDIA,6.0,5.85,2.56
952,NSE:TVTODAY,297.05,289.2,2.71
953,NSE:DEN,54.3,53.3,1.88
954,NSE:SMARTLINK,115.0,114.45,0.48
955,NSE:SETFNN50,466.3,461.68,1.0
956,NSE:SETFNIF50,188.21,186.5,0.92
957,NSE:NITINSPIN,229.4,218.5,4.99
958,NSE:DEEPAKNTR,2915.1,2897.8,0.6
959,NSE:NIPPOBATRY,1030.0,1036.0,-0.58
960,NSE:NILAINFRA,6.65,6.95,-4.32
961,NSE:NILKAMAL,2689.8,2677.55,0.46
962,NSE:SETFNIFBK,396.65,392.28,1.11
963,NSE:NITCO,25.5,25.5,0.0
964,NSE:TECHIN,6.45,6.65,-3.01
965,NSE:NKIND,42.7,41.3,3.39
966,NSE:GRINDWELL,1564.65,1466.95,6.66
967,NSE:DENORA,341.8,339.15,0.78
968,NSE:OCCL,1075.0,1077.95,-0.27
969,NSE:SCI,143.2,142.0,0.85
970,NSE:TINPLATE,339.6,333.35,1.87
971,NSE:STCINDIA,112.65,109.7,2.69
972,NSE:SAIL,128.8,124.2,3.7
973,NSE:BANKBARODA,91.45,88.75,3.04
974,NSE:TFCILTD,74.0,73.1,1.23
975,NSE:OILCOUNTUB,10.6,11.15,-4.93
976,NSE:SOTL,1506.9,1494.95,0.8
977,NSE:OMKARCHEM,25.95,24.75,4.85
978,NSE:ORIENTALTL,9.1,9.05,0.55
979,NSE:ORIENTLTD,75.0,73.85,1.56
980,NSE:ORIENTPPR,34.7,33.75,2.81
981,NSE:ORTEL,1.35,1.35,0.0
982,NSE:ORICONENT,29.2,29.3,-0.34
983,NSE:ORISSAMINE,2893.0,2856.35,1.28
984,NSE:GREENPOWER,4.9,4.7,4.26
985,NSE:VINATIORGA,2053.9,2077.75,-1.15
986,NSE:ORIENTHOT,41.25,39.0,5.77
987,NSE:MARALOVER,82.8,85.75,-3.44
988,NSE:PRADIP,1.15,1.1,4.55
989,NSE:PAGEIND,38097.5,37370.3,1.95
990,NSE:PARSVNATH,16.2,16.35,-0.92
991,NSE:PATSPINLTD,9.25,9.4,-1.6
992,NSE:SHALPAINTS,96.65,97.05,-0.41
993,NSE:PARACABLES,13.4,13.5,-0.74
994,NSE:PANAMAPET,276.0,274.55,0.53
995,NSE:STARPAPER,150.95,150.8,0.1
996,NSE:PBAINFRA,11.5,11.65,-1.29
997,NSE:PDMJEPAPER,44.2,43.3,2.08
998,NSE:SPIC,51.85,51.75,0.19
999,NSE:LINCPEN,248.1,247.15,0.38
1000,NSE:PEARLPOLY,16.0,15.75,1.59
1001,NSE:PENIND,31.5,29.8,5.7
1002,NSE:SUPPETRO,768.95,744.35,3.3
1003,NSE:CHENNPETRO,138.65,134.0,3.47
1004,NSE:PERSISTENT,4159.65,4212.0,-1.24
1005,NSE:TNPETRO,131.5,132.0,-0.38
1006,NSE:MANALIPETC,125.9,125.75,0.12
1007,NSE:PFIZER,5523.45,5537.6,-0.26
1008,NSE:SMSPHARMA,148.0,148.75,-0.5
1009,NSE:TORNTPHARM,3100.25,3130.4,-0.96
1010,NSE:BALPHARMA,105.0,104.15,0.82
1011,NSE:LINCOLN,382.0,380.3,0.45
1012,NSE:PIIND,3340.5,3314.25,0.79
1013,NSE:PILANIINVS,2015.0,2012.05,0.15
1014,NSE:SRIPIPES,212.35,209.95,1.14
1015,NSE:PIDILITIND,2488.5,2481.1,0.3
1016,NSE:TEXMOPIPES,52.2,52.15,0.1
1017,NSE:PLASTIBLEN,268.45,270.65,-0.81
1018,NSE:PNCINFRA,374.8,377.5,-0.72
1019,NSE:PONNIERODE,246.0,242.15,1.59
1020,NSE:PREMIERPOL,71.95,68.7,4.73
1021,NSE:POLYPLEX,1923.4,1834.95,4.82
1022,NSE:HONDAPOWER,1406.2,1398.35,0.56
1023,NSE:RPOWER,16.95,16.15,4.95
1024,NSE:VARDMNPOLY,23.05,23.3,-1.07
1025,NSE:TORNTPOWER,521.7,515.4,1.22
1026,NSE:RTNPOWER,4.45,4.4,1.14
1027,NSE:SEPOWER,11.65,11.1,4.95
1028,NSE:POWERMECH,1075.0,1038.05,3.56
1029,NSE:VIVIDHA,0.75,0.75,0.0
1030,NSE:SPYL,0.75,0.75,0.0
1031,NSE:CAREERP,158.35,156.15,1.41
1032,NSE:TATAPOWER,255.95,222.6,14.98
1033,NSE:TDPOWERSYS,372.25,340.65,9.28
1034,NSE:PREMIER,4.05,3.9,3.85
1035,NSE:PURVA,141.0,136.9,2.99
1036,NSE:TTKPRESTIG,8860.0,8805.4,0.62
1037,NSE:PRAKASHSTL,2.45,2.25,8.89
1038,NSE:PSB,19.25,18.55,3.77
1039,NSE:PTC,135.0,133.4,1.2
1040,NSE:PTL,51.0,49.85,2.31
1041,NSE:SHAKTIPUMP,824.0,800.5,2.94
1042,NSE:PVR,1735.0,1713.8,1.24
1043,NSE:PVP,6.1,5.85,4.27
1044,NSE:RANASUG,28.9,28.45,1.58
1045,NSE:RAMKY,157.2,158.9,-1.07
1046,NSE:RAJVIR,8.5,8.1,4.94
1047,NSE:INGERRAND,1186.4,1175.0,0.97
1048,NSE:RAMASTEEL,274.05,279.7,-2.02
1049,NSE:RAJRAYON,0.45,0.45,0.0
1050,NSE:RAYMOND,463.3,461.75,0.34
1051,NSE:RAMSARUP,1.3,1.35,-3.7
1052,NSE:INDORAMA,52.7,52.15,1.05
1053,NSE:RALLIS,320.5,313.75,2.15
1054,NSE:RAMCOIND,303.25,298.15,1.71
1055,NSE:RANEENGINE,300.9,298.1,0.94
1056,NSE:SRHHYPOLTD,354.35,354.7,-0.1
1057,NSE:RANEHOLDIN,599.6,597.5,0.35
1058,NSE:RML,411.9,411.35,0.13
1059,NSE:RAIN,243.7,239.7,1.67
1060,NSE:RAMCOSYS,478.55,472.05,1.38
1061,NSE:RMCL,2.05,2.1,-2.38
1062,NSE:RCOM,3.2,3.15,1.59
1063,NSE:RIIL,743.3,736.5,0.92
1064,NSE:REDINGTON,155.05,153.25,1.17
1065,NSE:RICOAUTO,47.4,47.45,-0.11
1066,NSE:ROLTA,5.7,5.65,0.88
1067,NSE:SURYAROSNI,708.3,704.8,0.5
1068,NSE:ROSSELLIND,166.95,170.5,-2.08
1069,NSE:RPPINFRA,64.1,62.75,2.15
1070,NSE:RSYSTEMS,223.3,220.3,1.36
1071,NSE:RSSOFTWARE,36.85,36.7,0.41
1072,NSE:RSWM,360.95,354.0,1.96
1073,NSE:RUCHIRA,87.85,87.45,0.46
1074,NSE:RUSHIL,253.95,253.45,0.2
1075,NSE:RUPA,494.0,491.3,0.55
1076,NSE:RUBYMILLS,307.0,291.2,5.43
1077,NSE:RUCHINFRA,7.1,6.95,2.16
1078,NSE:HOTELRUGBY,2.95,2.85,3.51
1079,NSE:SANGHIIND,68.75,68.8,-0.07
1080,NSE:SAKSOFT,1071.4,1088.5,-1.57
1081,NSE:SAREGAMA,4337.0,4337.5,-0.01
1082,NSE:SANDESH,794.35,787.9,0.82
1083,NSE:SANGAMIND,222.2,211.65,4.98
1084,NSE:THOMASCOTT,18.05,18.05,0.0
1085,NSE:MAHSCOOTER,4774.55,4751.9,0.48
1086,NSE:SEQUENT,217.0,220.65,-1.65
1087,NSE:MAHSEAMLES,517.3,487.5,6.11
1088,NSE:INVENTURE,2.65,2.55,3.92
1089,NSE:SHYAMTEL,10.6,10.25,3.41
1090,NSE:SHOPERSTOP,280.9,277.8,1.12
1091,NSE:SHIVAMAUTO,30.65,32.1,-4.52
1092,NSE:LIBERTSHOE,181.75,179.9,1.03
1093,NSE:RENUKA,30.0,29.75,0.84
1094,NSE:STAR,584.6,592.65,-1.36
1095,NSE:SHREYANIND,130.1,128.55,1.21
1096,NSE:SIMBHALS,29.7,29.5,0.68
1097,NSE:SIYSIL,425.05,419.95,1.21
1098,NSE:SILINV,336.0,334.25,0.52
1099,NSE:SINTEX,4.55,4.35,4.6
1100,NSE:SIL,14.8,15.0,-1.33
1101,NSE:SIMPLEXINF,44.95,44.65,0.67
1102,NSE:SJVN,29.25,28.35,3.17
1103,NSE:SKIPPER,80.75,81.55,-0.98
1104,NSE:SKIL,4.6,4.45,3.37
1105,NSE:SOLARINDS,2681.85,2532.45,5.9
1106,NSE:COMPUSOFT,16.5,17.35,-4.9
1107,NSE:CALSOFT,35.8,34.1,4.99
1108,NSE:SOBHA,835.5,826.75,1.06
1109,NSE:AURIONPRO,222.0,213.4,4.03
1110,NSE:SOMATEX,8.15,7.85,3.82
1111,NSE:SPMLINFRA,11.1,10.8,2.78
1112,NSE:SPENTEX,1.35,1.35,0.0
1113,NSE:SPECIALITY,90.45,93.7,-3.47
1114,NSE:SPLIL,46.5,46.15,0.76
1115,NSE:VSSL,269.15,263.15,2.28
1116,NSE:SRF,2382.8,2410.9,-1.17
1117,NSE:SREEL,183.65,178.25,3.03
1118,NSE:SREINFRA,5.6,5.85,-4.27
1119,NSE:TVSSRICHAK,2520.05,2546.25,-1.03
1120,NSE:VISASTEEL,13.75,13.1,4.96
1121,NSE:STERTOOLS,204.5,205.6,-0.54
1122,NSE:STEL,172.65,172.8,-0.09
1123,NSE:SUPREMEINF,18.55,19.5,-4.87
1124,NSE:SUZLON,7.35,7.05,4.26
1125,NSE:SUNTECK,506.35,509.55,-0.63
1126,NSE:SUMEETINDS,8.7,8.7,0.0
1127,NSE:SUNCLAYLTD,3744.75,3671.95,1.98
1128,NSE:SUPRAJIT,396.4,380.25,4.25
1129,NSE:SUPERHOUSE,185.45,185.55,-0.05
1130,NSE:SUMMITSEC,764.0,766.15,-0.28
1131,NSE:MAWANASUG,89.65,89.2,0.5
1132,NSE:SUPREMEIND,2615.0,2578.2,1.43
1133,NSE:SUPERSPIN,13.1,12.95,1.16
1134,NSE:SURYALAXMI,66.5,63.4,4.89
1135,NSE:UTTAMSUGAR,190.15,190.55,-0.21
1136,NSE:SWANENERGY,133.65,131.5,1.63
1137,NSE:SWELECTES,275.3,280.55,-1.87
1138,NSE:SYNGENE,615.75,612.75,0.49
1139,NSE:BANSWRAS,197.7,195.55,1.1
1140,NSE:PRAENG,19.45,19.65,-1.02
1141,NSE:TALBROAUTO,287.0,289.0,-0.69
1142,NSE:TATAMETALI,1093.55,1076.6,1.57
1143,NSE:TARMAT,67.3,68.55,-1.82
1144,NSE:TNTELE,9.6,9.55,0.52
1145,NSE:TATAINVEST,1688.05,1668.75,1.16
1146,NSE:TANTIACONS,7.15,7.35,-2.72
1147,NSE:TATACOFFEE,236.7,230.45,2.71
1148,NSE:TANLA,942.0,922.45,2.12
1149,NSE:TARAPUR,4.0,4.0,0.0
1150,NSE:TEAMLEASE,4950.0,4982.45,-0.65
1151,NSE:TIIL,888.0,903.85,-1.75
1152,NSE:TFL,6.2,6.05,2.48
1153,NSE:INDOTHAI,94.3,92.7,1.73
1154,NSE:TIMETECHNO,74.7,75.95,-1.65
1155,NSE:TIL,182.0,181.95,0.03
1156,NSE:TIMKEN,1835.75,1843.6,-0.43
1157,NSE:TIPSINDLTD,1434.95,1389.15,3.3
1158,NSE:TWL,100.05,101.1,-1.04
1159,NSE:TOKYOPLAST,102.8,104.4,-1.53
1160,NSE:TPLPLASTEH,174.75,172.9,1.07
1161,NSE:TRIL,30.65,30.05,2.0
1162,NSE:TRIVENI,210.05,201.2,4.4
1163,NSE:TTL,76.75,77.85,-1.41
1164,NSE:TRITURBINE,166.5,168.55,-1.22
1165,NSE:UCOBANK,14.55,14.3,1.75
1166,NSE:UJAAS,3.45,3.3,4.55
1167,NSE:CARBORUNIV,902.55,883.1,2.2
1168,NSE:UNIVCABLES,177.0,175.65,0.77
1169,NSE:MAYURUNIQ,481.9,478.15,0.78
1170,NSE:VTL,2052.9,2033.05,0.98
1171,NSE:VAKRANGEE,43.75,44.3,-1.24
1172,NSE:WABAG,345.55,344.7,0.25
1173,NSE:VENUSREM,468.05,412.6,13.44
1174,NSE:VENKEYS,3148.85,3183.4,-1.09
1175,NSE:VEDL,364.15,331.9,9.72
1176,NSE:VGUARD,263.6,262.9,0.27
1177,NSE:VISESHINFO,0.25,0.2,25.0
1178,NSE:VINDHYATEL,1189.2,1191.25,-0.17
1179,NSE:VICEROY,4.4,4.2,4.76
1180,NSE:VISHNU,719.0,730.95,-1.63
1181,NSE:VIPULLTD,30.7,30.05,2.16
1182,NSE:WALCHANNAG,55.2,54.05,2.13
1183,NSE:WELCORP,150.1,147.7,1.62
1184,NSE:WEIZMANIND,58.15,61.2,-4.98
1185,NSE:WHEELS,792.0,791.05,0.12
1186,NSE:PRECWIRE,257.45,254.7,1.08
1187,NSE:INOXWIND,129.95,129.1,0.66
1188,NSE:WINDMACHIN,32.8,33.05,-0.76
1189,NSE:WSI,7.55,7.2,4.86
1190,NSE:AUSOMENT,66.9,66.25,0.98
1191,NSE:AUTOIND,61.05,62.3,-2.01
1192,NSE:HONAUT,44450.0,44648.7,-0.45
1193,NSE:BAJAJFINSV,18982.9,18488.9,2.67
1194,NSE:BALAJITELE,66.7,66.05,0.98
1195,NSE:BALRAMCHIN,380.05,378.1,0.52
1196,NSE:BALKRISIND,2607.6,2596.0,0.45
1197,NSE:INDBANK,25.55,25.05,2.0
1198,NSE:BARTRONICS,4.05,4.0,1.25
1199,NSE:BATAINDIA,2174.3,2118.15,2.65
1200,NSE:BEARDSELL,14.1,14.35,-1.74
1201,NSE:BRIGADE,460.25,461.95,-0.37
1202,NSE:BRITANNIA,3896.25,3894.85,0.04
1203,NSE:FINCABLES,491.75,490.55,0.24
1204,NSE:CORDSCABLE,58.0,57.95,0.09
1205,NSE:PRECAM,108.55,110.15,-1.45
1206,NSE:CANTABIL,600.0,605.4,-0.89
1207,NSE:CANFINHOME,708.3,699.5,1.26
1208,NSE:RELCAPITAL,22.25,22.05,0.91
1209,NSE:MANGCHEFER,74.6,74.15,0.61
1210,NSE:COALINDIA,185.9,183.8,1.14
1211,NSE:MANAKCOAT,18.55,18.5,0.27
1212,NSE:COLPAL,1686.65,1681.2,0.32
1213,NSE:THOMASCOOK,82.6,80.6,2.48
1214,NSE:COSMOFILMS,1655.0,1638.35,1.02
1215,NSE:DELTAMAGNT,70.5,70.7,-0.28
1216,NSE:INDOWIND,9.05,8.9,1.69
1217,NSE:ENGINERSIN,79.3,77.85,1.86
1218,NSE:TECHNOFAB,6.15,6.4,-3.91
1219,NSE:FIEMIND,1277.85,1266.4,0.9
1220,NSE:FINPIPE,229.7,228.3,0.61
1221,NSE:L&TFH,95.0,94.35,0.69
1222,NSE:REPCOHOME,324.55,324.15,0.12
1223,NSE:MANAPPURAM,199.4,195.3,2.1
1224,NSE:GRASIM,1782.4,1752.5,1.71
1225,NSE:GRAPHITE,602.85,602.0,0.14
1226,NSE:GREENLAM,1396.2,1404.1,-0.56
1227,NSE:GREENPLY,205.2,195.45,4.99
1228,NSE:GRPLTD,961.5,963.15,-0.17
1229,NSE:INDHOTEL,232.4,229.55,1.24
1230,NSE:HOVS,56.85,56.6,0.44
1231,NSE:REMSONSIND,245.0,239.05,2.49
1232,NSE:3MINDIA,25949.9,26013.1,-0.24
1233,NSE:INSECTICID,705.7,706.8,-0.16
1234,NSE:LINDEINDIA,2605.7,2608.4,-0.1
1235,NSE:RESPONIND,125.65,126.4,-0.59
1236,NSE:INDOSOLAR,3.05,2.95,3.39
1237,NSE:INFY,1764.1,1715.75,2.82
1238,NSE:V2RETAIL,202.7,193.05,5.0
1239,NSE:LICNETFN50,196.99,193.68,1.71
1240,NSE:SADBHIN,17.35,16.9,2.66
1241,NSE:TEXINFRA,59.05,59.3,-0.42
1242,NSE:LICNETFGSC,23.27,23.03,1.04
1243,NSE:3IINFOTECH,84.5,8.45,900.0
1244,NSE:SANOFI,8220.0,8161.65,0.71
1245,NSE:TRIDENT,40.35,38.45,4.94
1246,NSE:MERCATOR,1.75,1.75,0.0
1247,NSE:MADHUCON,5.65,5.6,0.89
1248,NSE:M&M,928.95,931.4,-0.26
1249,NSE:MANAKSIA,69.25,66.95,3.44
1250,NSE:MANUGRAPH,12.35,12.45,-0.8
1251,NSE:THEMISMED,994.0,988.9,0.52
1252,NSE:PAEL,7.0,7.0,0.0
1253,NSE:PRAKASH,75.7,75.75,-0.07
1254,NSE:PROZONINTU,29.8,30.2,-1.32
1255,NSE:REFEX,146.5,147.9,-0.95
1256,NSE:REPRO,566.0,561.0,0.89
1257,NSE:SEAMECLTD,1235.0,1214.2,1.71
1258,NSE:INDOTECH,176.0,174.3,0.98
1259,NSE:INDSWFTLTD,15.85,15.1,4.97
1260,NSE:UTISENSETF,649.61,640.48,1.43
1263,NSE:GOLDSHARE,41.35,41.7,-0.84
1265,NSE:KOTAKBKETF,400.85,396.49,1.1
1266,NSE:IDBIGOLD,4370.0,4414.9,-1.02
1269,NSE:HDFCMFGETF,42.22,42.56,-0.8
1273,NSE:HDFCNIFETF,196.84,194.96,0.96
1274,NSE:HDFCSENETF,663.8,652.5,1.73
1279,NSE:UTINIFTETF,1935.01,1935.83,-0.04
1281,NSE:KOTAKPSUBK,271.11,266.31,1.8
1282,NSE:KOTAKNV20,102.15,100.84,1.3
1284,NSE:EUROMULTI,1.45,1.4,3.57
1287,NSE:EVEREADY,382.95,384.55,-0.42
1288,NSE:EVERESTIND,454.8,443.65,2.51
1290,NSE:EXIDEIND,187.4,186.0,0.75
1293,NSE:HINDOILEXP,198.6,196.55,1.04
1295,NSE:EXCELINDUS,1080.1,1066.85,1.24
1296,NSE:NORBTEAEXP,7.3,7.3,0.0
1297,NSE:NAGREEKEXP,31.85,32.85,-3.04
1301,NSE:NUCLEUS,593.1,593.7,-0.1
1302,NSE:ORBTEXP,81.65,79.75,2.38
1303,NSE:SELAN,164.45,161.1,2.08
1307,NSE:RAJESHEXPO,647.5,646.6,0.14
1309,NSE:EXCEL,3.2,3.1,3.23
1310,NSE:KABRAEXTRU,246.5,249.35,-1.14
1311,NSE:SAKUMA,10.5,10.5,0.0
1312,NSE:GOKEX,228.05,221.25,3.07
1314,NSE:PDSMFL,1389.75,1276.2,8.9
1317,NSE:MONTECARLO,392.75,392.05,0.18
1321,NSE:SUNDRMFAST,936.55,939.75,-0.34
1322,NSE:INDTERRAIN,48.1,47.9,0.42
1324,NSE:FLFL,64.1,64.05,0.08
1327,NSE:FCSSOFT,1.6,1.55,3.23
1329,NSE:FCL,124.9,124.45,0.36
1330,NSE:FDC,356.5,354.1,0.68
1333,NSE:FMGOETZE,277.45,279.0,-0.56
1335,NSE:FEDERALBNK,96.25,93.1,3.38
1336,NSE:GSFC,137.05,136.2,0.62
1337,NSE:SHREEPUSHK,240.3,238.8,0.63
1339,NSE:ROHITFERRO,11.7,11.15,4.93
1342,NSE:IMPEXFERRO,1.2,1.2,0.0
1345,NSE:CHAMBLFERT,388.55,383.35,1.36
1346,NSE:NFL,59.35,59.35,0.0
1348,NSE:MADRASFERT,31.35,30.9,1.46
1350,NSE:SRTRANSFIN,1413.95,1383.55,2.2
1351,NSE:SARLAPOLY,56.2,55.6,1.08
1354,NSE:IBULHSGFIN,247.8,237.5,4.34
1355,NSE:FSL,216.65,217.6,-0.44
1361,NSE:GICHSGFIN,161.55,159.0,1.6
1362,NSE:CAMLINFINE,189.3,187.6,0.91
1363,NSE:CONSOFINVT,168.85,167.25,0.96
1364,NSE:JMFINANCIL,95.8,93.95,1.97
1365,NSE:SUNDARMFIN,2465.0,2454.65,0.42
1367,NSE:NAHARCAP,296.1,290.4,1.96
1371,NSE:GLFL,3.2,2.95,8.47
1374,NSE:FILATEX,117.85,115.55,1.99
1375,NSE:TCIFINANCE,5.3,5.3,0.0
1376,NSE:NAHARPOLY,248.55,242.8,2.37
1378,NSE:NITINFIRE,1.2,1.25,-4.0
1381,NSE:MOTILALOFS,916.45,906.55,1.09
1384,NSE:NAVINFLUOR,3974.95,3934.25,1.03
1385,NSE:FLEXITUFF,18.5,17.5,5.71
1387,NSE:FMNL,10.55,10.55,0.0
1390,NSE:MMFL,921.1,885.35,4.04
1391,NSE:FOSECOIND,1481.95,1486.6,-0.31
1392,NSE:FORTIS,266.55,274.45,-2.88
1395,NSE:ADFFOODS,967.0,958.3,0.91
1396,NSE:RKFORGE,1178.45,1163.35,1.3
1399,NSE:HERITGFOOD,478.25,473.45,1.01
1401,NSE:METALFORGE,5.55,5.4,2.78
1404,NSE:PFOCUS,91.65,87.3,4.98
1406,NSE:RELAXO,1380.6,1352.1,2.11
1410,NSE:HILTON,13.75,13.1,4.96
1414,NSE:LGBFORGE,6.85,6.55,4.58
1419,NSE:KALYANIFRG,200.9,199.65,0.63
1422,NSE:HFCL,81.5,78.95,3.23
1424,NSE:UCALFUEL,161.05,161.55,-0.31
1436,NSE:IGL,506.0,509.8,-0.75
1437,NSE:GABRIEL,155.75,156.25,-0.32
1438,NSE:GALLISPAT,53.55,53.05,0.94
1439,NSE:GATI,149.0,146.65,1.6
1441,NSE:GUJGASLTD,645.5,628.8,2.66
1448,NSE:GANDHITUBE,442.0,438.95,0.69
1453,NSE:ONGC,163.7,159.05,2.92
1457,NSE:INTEGRA,4.5,4.6,-2.17
1461,NSE:GANGOTRI,1.15,1.1,4.55
1462,NSE:GAYAPROJ,49.55,49.3,0.51
1468,NSE:GALLANTT,78.95,80.45,-1.86
1470,NSE:GENUSPOWER,87.45,83.4,4.86
1472,NSE:LYPSAGEMS,5.4,5.6,-3.57
1475,NSE:GENESYS,281.25,293.95,-4.32
1478,NSE:SHANTIGEAR,164.05,163.9,0.09
1479,NSE:MOTOGENFIN,25.7,25.5,0.78
1483,NSE:HITECHGEAR,263.4,258.1,2.05
1489,NSE:GHCL,467.35,458.35,1.96
1491,NSE:PNBGILTS,69.4,68.45,1.39
1492,NSE:GIPCL,98.1,96.25,1.92
1498,NSE:GIRRESORTS,119.95,119.95,0.0
1499,NSE:GINNIFILA,34.65,34.15,1.46
1500,NSE:GISOLUTION,3.95,3.8,3.95
1501,NSE:GILLETTE,5874.95,5832.85,0.72
1503,NSE:GKWLIMITED,684.2,689.25,-0.73
1504,NSE:GLOBUSSPR,1447.6,1454.8,-0.49
1505,NSE:GLENMARK,521.05,524.8,-0.71
1506,NSE:GLAXO,1489.95,1481.7,0.56
1508,NSE:INDIAGLYCO,935.0,931.8,0.34
1516,NSE:SGL,16.05,16.65,-3.6
1517,NSE:ONMOBILE,123.95,118.15,4.91
1520,NSE:HINDNATGLS,36.3,35.8,1.4
1522,NSE:GLOBALVECT,58.5,56.4,3.72
1527,NSE:HGS,2874.95,2845.05,1.05
1530,NSE:PGIL,308.35,311.15,-0.9
1532,NSE:GMBREW,824.25,838.85,-1.74
1533,NSE:GMDCLTD,77.9,78.05,-0.19
1535,NSE:GMRINFRA,43.5,43.4,0.23
1536,NSE:GODREJIND,575.3,569.35,1.05
1537,NSE:GPIL,1424.5,1356.7,5.0
1538,NSE:GODREJCP,1040.75,1038.7,0.2
1539,NSE:GOKUL,27.7,27.8,-0.36
1541,NSE:GOLDENTOBC,155.1,147.75,4.97
1546,NSE:GOCLCORP,358.75,365.85,-1.94
1549,NSE:SHIRPUR-G,4.95,5.2,-4.81
1552,NSE:GOLDTECH,40.05,42.15,-4.98
1553,NSE:GOLDIAM,984.0,958.65,2.64
1554,NSE:SETFGOLD,4207.85,4249.5,-0.98
1557,NSE:GODREJPROP,2494.9,2502.75,-0.31
1559,NSE:GOODLUCK,305.8,305.15,0.21
1561,NSE:GODFRYPHLP,1332.0,1329.95,0.15
1564,NSE:GPPL,113.0,113.15,-0.13
1566,NSE:GULFPETRO,54.75,55.05,-0.54
1568,NSE:GREAVESCOT,140.75,140.3,0.32
1569,NSE:GRANULES,324.9,328.4,-1.07
1573,NSE:GSS,83.6,83.65,-0.06
1574,NSE:GTLINFRA,1.75,1.7,2.94
1575,NSE:GTL,14.75,14.9,-1.01
1578,NSE:GTNTEX,8.25,8.25,0.0
1582,NSE:GULFOILLUB,596.3,593.8,0.42
1584,NSE:GULPOLY,330.8,315.05,5.0
1585,NSE:TIMESGTY,52.95,53.3,-0.66
1588,NSE:GVKPIL,2.5,2.6,-3.85
1590,NSE:TAJGVK,153.95,147.8,4.16
1593,NSE:HARRMALAYA,187.0,187.55,-0.29
1596,NSE:HAVELLS,1472.95,1474.1,-0.08
1597,NSE:HBLPOWER,58.8,54.7,7.5
1600,NSE:HCLTECH,1224.85,1251.15,-2.1
1602,NSE:HCG,255.55,255.95,-0.16
1603,NSE:HCL-INSYS,14.15,13.95,1.43
1608,NSE:HEIDELBERG,258.6,255.35,1.27
1613,NSE:HEG,2368.0,2360.25,0.33
1615,NSE:HEXATRADEX,173.45,170.8,1.55
1618,NSE:HERCULES,148.4,147.8,0.41
1619,NSE:TTKHLTCARE,684.45,682.75,0.25
1620,NSE:HEROMOTOCO,2933.3,2927.8,0.19
1625,NSE:HINDMOTORS,17.3,15.75,9.84
1627,NSE:HINDCOMPOS,326.9,323.75,0.97
1631,NSE:HINDCOPPER,144.8,132.35,9.41
1632,NSE:HIKAL,525.8,522.75,0.58
1635,NSE:BAJAJHIND,14.9,14.7,1.36
1639,NSE:HINDALCO,550.9,516.1,6.74
1644,NSE:HIMATSEIDE,262.3,269.05,-2.51
1648,NSE:BAJAJHLDNG,4767.75,4745.65,0.47
1650,NSE:HMT,30.6,31.5,-2.86
1653,NSE:NH,515.6,514.8,0.16
1654,NSE:HSIL,236.3,226.85,4.17
1656,NSE:HTMEDIA,26.35,26.2,0.57
1657,NSE:INDIANHUME,204.6,203.0,0.79
1660,NSE:HUBTOWN,38.15,36.35,4.95
1669,NSE:ICRA,3717.95,3575.35,3.99
1673,NSE:IDFC,55.3,54.2,2.03
1678,NSE:IFCI,14.2,13.9,2.16
1679,NSE:IFBIND,1172.8,1168.4,0.38
1682,NSE:IGARASHI,575.95,580.75,-0.83
1684,NSE:IGPL,881.0,875.95,0.58
1685,NSE:IITL,73.05,74.4,-1.81
1687,NSE:IIFL,293.9,294.6,-0.24
1690,NSE:IL&FSENGG,4.75,4.8,-1.04
1692,NSE:IVC,6.3,6.0,5.0
1693,NSE:IL&FSTRANS,3.85,3.95,-2.53
1695,NSE:INDLMETER,13.4,12.85,4.28
1696,NSE:IOB,23.05,22.7,1.54
1697,NSE:IOC,137.65,134.4,2.42
1700,NSE:IPCALAB,2437.3,2422.2,0.62
1705,NSE:SUNFLAG,86.3,83.6,3.23
1707,NSE:ISMTLTD,36.5,34.8,4.89
1708,NSE:ISFT,148.5,150.6,-1.39
1710,NSE:SMLISUZU,622.4,612.45,1.62
1711,NSE:SATHAISPAT,3.25,3.25,0.0
1714,NSE:ITC,262.25,256.55,2.22
1718,NSE:ITI,127.7,128.0,-0.23
1719,NSE:PILITA,7.4,7.4,0.0
1723,NSE:IVP,118.0,114.0,3.51
1725,NSE:IZMO,96.3,96.75,-0.47
1726,NSE:JAGSNPHARM,163.75,151.0,8.44
1728,NSE:JAINSTUDIO,2.3,2.2,4.55
1729,NSE:JAYNECOIND,26.6,25.9,2.7
1733,NSE:JAYSREETEA,110.8,110.4,0.36
1734,NSE:JPINFRATEC,2.25,2.3,-2.17
1736,NSE:JBCHEPHARM,1759.4,1799.85,-2.25
1738,NSE:JBMA,629.45,631.95,-0.4
1743,NSE:THANGAMAYL,1398.0,1356.3,3.07
1745,NSE:JHS,26.3,26.65,-1.31
1748,NSE:JSLHISAR,328.65,319.65,2.82
1750,NSE:JIKIND,0.55,0.5,10.0
1751,NSE:JINDALSTEL,460.5,446.5,3.14
1752,NSE:JINDALPOLY,1074.0,1019.7,5.33
1755,NSE:JSL,181.05,172.05,5.23
1757,NSE:JMTAUTOLTD,3.15,3.15,0.0
1758,NSE:JMCPROJECT,115.0,113.7,1.14
1759,NSE:JOCIL,230.0,229.7,0.13
1760,NSE:JYOTISTRUC,19.55,18.65,4.83
1761,NSE:KAMDHENU,260.05,246.15,5.65
1762,NSE:KALPATPOWR,445.5,443.45,0.46
1764,NSE:KANANIIND,9.2,9.05,1.66
1774,NSE:KAMATHOTEL,64.1,63.1,1.58
1778,NSE:KARURVYSYA,50.65,49.25,2.84
1779,NSE:KAYA,558.0,550.15,1.43
1782,NSE:KTKBANK,71.95,71.35,0.84
1783,NSE:PKTEA,325.0,327.65,-0.81
1785,NSE:KANORICHEM,197.95,194.6,1.72
1786,NSE:KICL,2118.1,2135.9,-0.83
1787,NSE:KAVVERITEL,8.6,8.2,4.88
1788,NSE:KCP,144.45,142.55,1.33
1789,NSE:KDDL,512.4,517.9,-1.06
1794,NSE:KEI,998.9,939.7,6.3
1796,NSE:KERNEX,82.95,82.6,0.42
1799,NSE:KELLTONTEC,52.25,51.6,1.26
1800,NSE:KESORAMIND,70.05,70.85,-1.13
1801,NSE:SHK,156.45,155.25,0.77
1806,NSE:RADICO,1130.85,1095.3,3.25
1808,NSE:KHANDSE,17.25,17.2,0.29
1810,NSE:KHAITANLTD,38.0,37.25,2.01
1812,NSE:KIRIINDUS,529.7,533.8,-0.77
1816,NSE:KIRLOSIND,1630.0,1619.9,0.62
1819,NSE:KMSUGAR,27.3,27.35,-0.18
1823,NSE:KOTHARIPET,52.15,52.4,-0.48
1825,NSE:KOKUYOCMLN,68.65,68.2,0.66
1828,NSE:KOLTEPATIL,324.9,326.1,-0.37
1835,NSE:KRBL,323.1,320.85,0.7
1836,NSE:KRIDHANINF,5.3,5.15,2.91
1844,NSE:KWALITY,2.2,2.2,0.0
1845,NSE:LT,1796.65,1789.3,0.41
1846,NSE:MOREPENLAB,54.55,54.7,-0.27
1847,NSE:LYKALABS,81.5,79.0,3.16
1848,NSE:UNICHEMLAB,261.5,264.25,-1.04
1855,NSE:LAKPRE,4.6,4.65,-1.08
1857,NSE:LAMBODHARA,87.45,87.45,0.0
1858,NSE:VIVIMEDLAB,21.35,21.55,-0.93
1859,NSE:INDSWFTLAB,63.05,63.1,-0.08
1862,NSE:NEULANDLAB,1732.25,1823.4,-5.0
1866,NSE:LAXMIMACH,9160.5,9032.8,1.41
1871,NSE:PENINLAND,12.1,12.1,0.0
1872,NSE:CAPLIPOINT,912.7,907.8,0.54
1880,NSE:LFIC,80.5,79.75,0.94
1883,NSE:LCCINFOTEC,1.85,1.9,-2.63
1886,NSE:INOXLEISUR,417.05,415.4,0.4
1888,NSE:LGBBROSLTD,514.0,494.3,3.99
1889,NSE:SUVEN,115.3,117.3,-1.71
1890,NSE:SONATSOFTW,934.3,934.5,-0.02
1892,NSE:RPGLIFE,656.0,669.6,-2.03
1896,NSE:MOTHERSUMI,243.15,246.55,-1.38
1897,NSE:MCLEODRUSS,30.4,29.6,2.7
1898,NSE:COUNCODOS,3.5,3.6,-2.78
1899,NSE:COROMANDEL,872.4,863.2,1.07
1907,NSE:MOIL,172.55,168.9,2.16
1909,NSE:SYMPHONY,1083.8,1072.4,1.06
1912,NSE:NECLIFE,30.65,30.4,0.82
1921,NSE:PHOENIXLTD,985.0,977.65,0.75
1926,NSE:MAJESCO,92.0,91.45,0.6
1929,NSE:MANGTIMBER,17.6,17.75,-0.85
1933,NSE:BANCOINDIA,194.35,195.5,-0.59
1934,NSE:UPL,755.0,747.85,0.96
1938,NSE:INDUSINDBK,1223.0,1210.0,1.07
1945,NSE:GRAVITA,207.5,206.4,0.53
1956,NSE:CASTEXTECH,0.8,0.75,6.67
1962,NSE:PUNJLLOYD,1.9,1.85,2.7
1967,NSE:PETRONET,235.65,230.5,2.23
1968,NSE:SICAL,21.6,19.65,9.92
1969,NSE:PATINTLOG,22.95,22.75,0.88
1970,NSE:SHREYAS,387.95,391.65,-0.94
1971,NSE:LOVABLE,134.5,134.8,-0.22
1972,NSE:LOKESHMACH,52.1,52.35,-0.48
1973,NSE:SNOWMAN,43.9,42.9,2.33
1975,NSE:VRLLOG,396.5,385.05,2.97
1976,NSE:SAKHTISUG,15.3,15.85,-3.47
1977,NSE:PRIMESECU,121.85,116.05,5.0
1978,NSE:INFOMEDIA,4.25,4.05,4.94
1979,NSE:TVSMOTOR,582.1,583.8,-0.29
1980,NSE:TTML,55.65,53.0,5.0
1981,NSE:TRF,160.1,158.8,0.82
1982,NSE:TITAN,2656.0,2564.05,3.59
1983,NSE:TIJARIA,7.2,7.25,-0.69
1984,NSE:TI,48.4,46.1,4.99
1985,NSE:THERMAX,1410.2,1387.7,1.62
1987,NSE:TATAMTRDVR,266.1,247.65,7.45
1988,NSE:TATACOMM,1487.25,1440.0,3.28
1989,NSE:TAKE,51.6,51.65,-0.1
1990,NSE:SURANASOL,24.45,23.3,4.94
1992,NSE:LUXIND,3812.05,3755.15,1.52
1997,NSE:LUMAXIND,1449.95,1455.45,-0.38
2000,NSE:MTNL,20.0,19.85,0.76
2001,NSE:MASTEK,3293.75,3225.85,2.1
2002,NSE:MARKSANS,69.65,70.0,-0.5
2004,NSE:MALUPAPER,36.65,36.7,-0.14
2010,NSE:MANINDS,115.05,113.0,1.81
2011,NSE:MARICO,583.05,579.3,0.65
2013,NSE:M&MFIN,187.8,185.2,1.4
2014,NSE:MANAKSTEEL,33.1,31.75,4.25
2017,NSE:MANINFRA,111.9,110.05,1.68
2018,NSE:MBLINFRA,22.5,22.05,2.04
2020,NSE:MCDHOLDING,84.15,80.15,4.99
2021,NSE:SAMBHAAV,3.0,2.9,3.45
2022,NSE:RADAAN,1.45,1.45,0.0
2023,NSE:PRECOT,251.8,253.7,-0.75
2027,NSE:POLYMED,961.6,992.55,-3.12
2032,NSE:MEP,26.8,26.9,-0.37
2033,NSE:SHILPAMED,625.55,638.95,-2.1
2035,NSE:MELSTAR,3.65,3.55,2.82
2038,NSE:RATNAMANI,2211.35,2211.35,0.0
2040,NSE:INDRAMEDCO,79.95,80.05,-0.12
2047,NSE:MFSL,999.9,988.25,1.18
2048,NSE:MHRIL,247.75,242.8,2.04
2049,NSE:MIRZAINT,65.3,64.2,1.71
2050,NSE:20MICRONS,63.1,62.35,1.2
2051,NSE:MINDACORP,134.25,133.25,0.75
2058,NSE:SARDAEN,833.0,770.25,8.15
2064,NSE:MMTC,48.2,47.1,2.34
2066,NSE:MORARJEE,18.9,19.3,-2.07
2067,NSE:MOHITIND,12.35,12.35,0.0
2073,NSE:MOLDTKPAC,708.55,730.05,-2.95
2075,NSE:SHARDAMOTR,670.0,691.35,-3.09
2076,NSE:SANGHVIMOV,201.05,203.5,-1.2
2084,NSE:MPHASIS,3370.35,3266.6,3.18
2085,NSE:MPSLTD,684.25,691.6,-1.06
2088,NSE:MRO-TEK,67.4,64.2,4.98
2090,NSE:MSPL,9.9,9.9,0.0
2091,NSE:SHREERAMA,14.05,13.85,1.44
2092,NSE:SUNDARAM,2.0,2.0,0.0
2095,NSE:3RDROCK,64.6,64.6,0.0
2096,NSE:MUKANDLTD,144.0,141.95,1.44
2097,NSE:MUNJALSHOW,139.05,137.65,1.02
2102,NSE:MUTHOOTCAP,406.05,406.95,-0.22
2104,NSE:MUKANDENGG,26.25,26.25,0.0
2107,NSE:NAVKARCORP,43.05,42.7,0.82
2108,NSE:NATCOPHARM,891.1,889.85,0.14
2111,NSE:NSIL,1866.0,1805.05,3.38
2114,NSE:NAHARSPING,454.75,433.1,5.0
2115,NSE:NAGREEKCAP,7.85,7.95,-1.26
2121,NSE:PNB,44.75,42.55,5.17
2126,NSE:NAHARINDUS,116.5,113.95,2.24
2127,NSE:TNPL,140.5,141.25,-0.53
2129,NSE:NCC,83.3,81.5,2.21
2132,NSE:NDTV,82.7,82.55,0.18
2134,NSE:SUNTV,556.1,554.45,0.3
2137,NSE:NESCO,674.05,667.0,1.06
2139,NSE:RAJTV,36.45,36.05,1.11
2140,NSE:NETWORK18,88.7,78.75,12.63
2141,NSE:NESTLEIND,19379.15,19325.4,0.28
2142,NSE:NEXTMEDIA,6.0,5.85,2.56
2144,NSE:TVTODAY,297.05,289.2,2.71
2146,NSE:DEN,54.3,53.3,1.88
2149,NSE:SMARTLINK,115.0,114.45,0.48
2150,NSE:SETFNN50,466.3,461.68,1.0
2161,NSE:SETFNIF50,188.21,186.5,0.92
2164,NSE:NITINSPIN,229.4,218.5,4.99
2167,NSE:DEEPAKNTR,2915.1,2897.8,0.6
2171,NSE:NIPPOBATRY,1030.0,1036.0,-0.58
2172,NSE:NILAINFRA,6.65,6.95,-4.32
2174,NSE:NILKAMAL,2689.8,2677.55,0.46
2176,NSE:SETFNIFBK,396.65,392.28,1.11
2179,NSE:NITCO,25.5,25.5,0.0
2180,NSE:TECHIN,6.45,6.65,-3.01
2181,NSE:NKIND,42.7,41.3,3.39
2184,NSE:GRINDWELL,1564.65,1466.95,6.66
2185,NSE:DENORA,341.8,339.15,0.78
2195,NSE:OCCL,1075.0,1077.95,-0.27
2196,NSE:SCI,143.2,142.0,0.85
2197,NSE:TINPLATE,339.6,333.35,1.87
2199,NSE:STCINDIA,112.65,109.7,2.69
2202,NSE:SAIL,128.8,124.2,3.7
2205,NSE:BANKBARODA,91.45,88.75,3.04
2207,NSE:TFCILTD,74.0,73.1,1.23
2209,NSE:OILCOUNTUB,10.6,11.15,-4.93
2211,NSE:SOTL,1506.9,1494.95,0.8
2213,NSE:OMKARCHEM,25.95,24.75,4.85
2219,NSE:ORIENTALTL,9.1,9.05,0.55
2220,NSE:ORIENTLTD,75.0,73.85,1.56
2224,NSE:ORIENTPPR,34.7,33.75,2.81
2226,NSE:ORTEL,1.35,1.35,0.0
2232,NSE:ORICONENT,29.2,29.3,-0.34
2233,NSE:ORISSAMINE,2893.0,2856.35,1.28
2234,NSE:GREENPOWER,4.9,4.7,4.26
2237,NSE:VINATIORGA,2053.9,2077.75,-1.15
2239,NSE:ORIENTHOT,41.25,39.0,5.77
2242,NSE:MARALOVER,82.8,85.75,-3.44
2243,NSE:PRADIP,1.15,1.1,4.55
2245,NSE:PAGEIND,38097.5,37370.3,1.95
2249,NSE:PARSVNATH,16.2,16.35,-0.92
2256,NSE:PATSPINLTD,9.25,9.4,-1.6
2258,NSE:SHALPAINTS,96.65,97.05,-0.41
2261,NSE:PARACABLES,13.4,13.5,-0.74
2267,NSE:PANAMAPET,276.0,274.55,0.53
2271,NSE:STARPAPER,150.95,150.8,0.1
2272,NSE:PBAINFRA,11.5,11.65,-1.29
2274,NSE:PDMJEPAPER,44.2,43.3,2.08
2276,NSE:SPIC,51.85,51.75,0.19
2277,NSE:LINCPEN,248.1,247.15,0.38
2282,NSE:PEARLPOLY,16.0,15.75,1.59
2283,NSE:PENIND,31.5,29.8,5.7
2286,NSE:SUPPETRO,768.95,744.35,3.3
2287,NSE:CHENNPETRO,138.65,134.0,3.47
2289,NSE:PERSISTENT,4159.65,4212.0,-1.24
2291,NSE:TNPETRO,131.5,132.0,-0.38
2295,NSE:MANALIPETC,125.9,125.75,0.12
2296,NSE:PFIZER,5523.45,5537.6,-0.26
2297,NSE:SMSPHARMA,148.0,148.75,-0.5
2300,NSE:TORNTPHARM,3100.25,3130.4,-0.96
2309,NSE:BALPHARMA,105.0,104.15,0.82
2310,NSE:LINCOLN,382.0,380.3,0.45
2311,NSE:PIIND,3340.5,3314.25,0.79
2312,NSE:PILANIINVS,2015.0,2012.05,0.15
2315,NSE:SRIPIPES,212.35,209.95,1.14
2316,NSE:PIDILITIND,2488.5,2481.1,0.3
2317,NSE:TEXMOPIPES,52.2,52.15,0.1
2320,NSE:PLASTIBLEN,268.45,270.65,-0.81
2321,NSE:PNCINFRA,374.8,377.5,-0.72
2325,NSE:PONNIERODE,246.0,242.15,1.59
2327,NSE:PREMIERPOL,71.95,68.7,4.73
2332,NSE:POLYPLEX,1923.4,1834.95,4.82
2333,NSE:HONDAPOWER,1406.2,1398.35,0.56
2334,NSE:RPOWER,16.95,16.15,4.95
2335,NSE:VARDMNPOLY,23.05,23.3,-1.07
2336,NSE:TORNTPOWER,521.7,515.4,1.22
2337,NSE:RTNPOWER,4.45,4.4,1.14
2338,NSE:SEPOWER,11.65,11.1,4.95
2340,NSE:POWERMECH,1075.0,1038.05,3.56
2343,NSE:VIVIDHA,0.75,0.75,0.0
2344,NSE:SPYL,0.75,0.75,0.0
2346,NSE:CAREERP,158.35,156.15,1.41
2347,NSE:TATAPOWER,255.95,222.6,14.98
2349,NSE:TDPOWERSYS,372.25,340.65,9.28
2351,NSE:PREMIER,4.05,3.9,3.85
2352,NSE:PURVA,141.0,136.9,2.99
2355,NSE:TTKPRESTIG,8860.0,8805.4,0.62
2356,NSE:PRAKASHSTL,2.45,2.25,8.89
2365,NSE:PSB,19.25,18.55,3.77
2366,NSE:PTC,135.0,133.4,1.2
2367,NSE:PTL,51.0,49.85,2.31
2369,NSE:SHAKTIPUMP,824.0,800.5,2.94
2370,NSE:PVR,1735.0,1713.8,1.24
2371,NSE:PVP,6.1,5.85,4.27
2372,NSE:RANASUG,28.9,28.45,1.58
2373,NSE:RAMKY,157.2,158.9,-1.07
2374,NSE:RAJVIR,8.5,8.1,4.94
2375,NSE:INGERRAND,1186.4,1175.0,0.97
2376,NSE:RAMASTEEL,274.05,279.7,-2.02
2377,NSE:RAJRAYON,0.45,0.45,0.0
2378,NSE:RAYMOND,463.3,461.75,0.34
2379,NSE:RAMSARUP,1.3,1.35,-3.7
2380,NSE:INDORAMA,52.7,52.15,1.05
2384,NSE:RALLIS,320.5,313.75,2.15
2386,NSE:RAMCOIND,303.25,298.15,1.71
2388,NSE:RANEENGINE,300.9,298.1,0.94
2391,NSE:SRHHYPOLTD,354.35,354.7,-0.1
2398,NSE:RANEHOLDIN,599.6,597.5,0.35
2399,NSE:RML,411.9,411.35,0.13
2400,NSE:RAIN,243.7,239.7,1.67
2401,NSE:RAMCOSYS,478.55,472.05,1.38
2402,NSE:RMCL,2.05,2.1,-2.38
2403,NSE:RCOM,3.2,3.15,1.59
2405,NSE:RIIL,743.3,736.5,0.92
2406,NSE:REDINGTON,155.05,153.25,1.17
2408,NSE:RICOAUTO,47.4,47.45,-0.11
2409,NSE:ROLTA,5.7,5.65,0.88
2411,NSE:SURYAROSNI,708.3,704.8,0.5
2412,NSE:ROSSELLIND,166.95,170.5,-2.08
2413,NSE:RPPINFRA,64.1,62.75,2.15
2415,NSE:RSYSTEMS,223.3,220.3,1.36
2416,NSE:RSSOFTWARE,36.85,36.7,0.41
2417,NSE:RSWM,360.95,354.0,1.96
2419,NSE:RUCHIRA,87.85,87.45,0.46
2420,NSE:RUSHIL,253.95,253.45,0.2
2421,NSE:RUPA,494.0,491.3,0.55
2425,NSE:RUBYMILLS,307.0,291.2,5.43
2426,NSE:RUCHINFRA,7.1,6.95,2.16
2427,NSE:HOTELRUGBY,2.95,2.85,3.51
2428,NSE:SANGHIIND,68.75,68.8,-0.07
2430,NSE:SAKSOFT,1071.4,1088.5,-1.57
2431,NSE:SAREGAMA,4337.0,4337.5,-0.01
2437,NSE:SANDESH,794.35,787.9,0.82
2438,NSE:SANGAMIND,222.2,211.65,4.98
2445,NSE:THOMASCOTT,18.05,18.05,0.0
2447,NSE:MAHSCOOTER,4774.55,4751.9,0.48
2449,NSE:SEQUENT,217.0,220.65,-1.65
2451,NSE:MAHSEAMLES,517.3,487.5,6.11
2452,NSE:INVENTURE,2.65,2.55,3.92
2455,NSE:SHYAMTEL,10.6,10.25,3.41
2457,NSE:SHOPERSTOP,280.9,277.8,1.12
2459,NSE:SHIVAMAUTO,30.65,32.1,-4.52
2461,NSE:LIBERTSHOE,181.75,179.9,1.03
2463,NSE:RENUKA,30.0,29.75,0.84
2470,NSE:STAR,584.6,592.65,-1.36
2472,NSE:SHREYANIND,130.1,128.55,1.21
2474,NSE:SIMBHALS,29.7,29.5,0.68
2476,NSE:SIYSIL,425.05,419.95,1.21
2482,NSE:SILINV,336.0,334.25,0.52
2484,NSE:SINTEX,4.55,4.35,4.6
2486,NSE:SIL,14.8,15.0,-1.33
2487,NSE:SIMPLEXINF,44.95,44.65,0.67
2488,NSE:SJVN,29.25,28.35,3.17
2489,NSE:SKIPPER,80.75,81.55,-0.98
2492,NSE:SKIL,4.6,4.45,3.37
2502,NSE:SOLARINDS,2681.85,2532.45,5.9
2508,NSE:COMPUSOFT,16.5,17.35,-4.9
2515,NSE:CALSOFT,35.8,34.1,4.99
2516,NSE:SOBHA,835.5,826.75,1.06
2517,NSE:AURIONPRO,222.0,213.4,4.03
2522,NSE:SOMATEX,8.15,7.85,3.82
2524,NSE:SPMLINFRA,11.1,10.8,2.78
2525,NSE:SPENTEX,1.35,1.35,0.0
2526,NSE:SPECIALITY,90.45,93.7,-3.47
2527,NSE:SPLIL,46.5,46.15,0.76
2528,NSE:VSSL,269.15,263.15,2.28
2529,NSE:SRF,2382.8,2410.9,-1.17
2531,NSE:SREEL,183.65,178.25,3.03
2533,NSE:SREINFRA,5.6,5.85,-4.27
2535,NSE:TVSSRICHAK,2520.05,2546.25,-1.03
2545,NSE:VISASTEEL,13.75,13.1,4.96
2546,NSE:STERTOOLS,204.5,205.6,-0.54
2551,NSE:STEL,172.65,172.8,-0.09
2552,NSE:SUPREMEINF,18.55,19.5,-4.87
2553,NSE:SUZLON,7.35,7.05,4.26
2554,NSE:SUNTECK,506.35,509.55,-0.63
2555,NSE:SUMEETINDS,8.7,8.7,0.0
2556,NSE:SUNCLAYLTD,3744.75,3671.95,1.98
2558,NSE:SUPRAJIT,396.4,380.25,4.25
2560,NSE:SUPERHOUSE,185.45,185.55,-0.05
2561,NSE:SUMMITSEC,764.0,766.15,-0.28
2562,NSE:MAWANASUG,89.65,89.2,0.5
2564,NSE:SUPREMEIND,2615.0,2578.2,1.43
2566,NSE:SUPERSPIN,13.1,12.95,1.16
2567,NSE:SURYALAXMI,66.5,63.4,4.89
2570,NSE:UTTAMSUGAR,190.15,190.55,-0.21
2587,NSE:SWANENERGY,133.65,131.5,1.63
2589,NSE:SWELECTES,275.3,280.55,-1.87
2592,NSE:SYNGENE,615.75,612.75,0.49
2594,NSE:BANSWRAS,197.7,195.55,1.1
2597,NSE:PRAENG,19.45,19.65,-1.02
2601,NSE:TALBROAUTO,287.0,289.0,-0.69
2602,NSE:TATAMETALI,1093.55,1076.6,1.57
2603,NSE:TARMAT,67.3,68.55,-1.82
2606,NSE:TNTELE,9.6,9.55,0.52
2608,NSE:TATAINVEST,1688.05,1668.75,1.16
2609,NSE:TANTIACONS,7.15,7.35,-2.72
2611,NSE:TATACOFFEE,236.7,230.45,2.71
2613,NSE:TANLA,942.0,922.45,2.12
2614,NSE:TARAPUR,4.0,4.0,0.0
2619,NSE:TEAMLEASE,4950.0,4982.45,-0.65
2621,NSE:TIIL,888.0,903.85,-1.75
2623,NSE:TFL,6.2,6.05,2.48
2626,NSE:INDOTHAI,94.3,92.7,1.73
2627,NSE:TIMETECHNO,74.7,75.95,-1.65
2628,NSE:TIL,182.0,181.95,0.03
2630,NSE:TIMKEN,1835.75,1843.6,-0.43
2632,NSE:TIPSINDLTD,1434.95,1389.15,3.3
2638,NSE:TWL,100.05,101.1,-1.04
2643,NSE:TOKYOPLAST,102.8,104.4,-1.53
2645,NSE:TPLPLASTEH,174.75,172.9,1.07
2647,NSE:TRIL,30.65,30.05,2.0
2648,NSE:TRIVENI,210.05,201.2,4.4
2652,NSE:TTL,76.75,77.85,-1.41
2654,NSE:TRITURBINE,166.5,168.55,-1.22
2657,NSE:UCOBANK,14.55,14.3,1.75
2660,NSE:UJAAS,3.45,3.3,4.55
2664,NSE:CARBORUNIV,902.55,883.1,2.2
2665,NSE:UNIVCABLES,177.0,175.65,0.77
2666,NSE:MAYURUNIQ,481.9,478.15,0.78
2672,NSE:VTL,2052.9,2033.05,0.98
2675,NSE:VAKRANGEE,43.75,44.3,-1.24
2678,NSE:WABAG,345.55,344.7,0.25
2680,NSE:VENUSREM,468.05,412.6,13.44
2682,NSE:VENKEYS,3148.85,3183.4,-1.09
2685,NSE:VEDL,364.15,331.9,9.72
2687,NSE:VGUARD,263.6,262.9,0.27
2688,NSE:VISESHINFO,0.25,0.2,25.0
2692,NSE:VINDHYATEL,1189.2,1191.25,-0.17
2695,NSE:VICEROY,4.4,4.2,4.76
2697,NSE:VISHNU,719.0,730.95,-1.63
2698,NSE:VIPULLTD,30.7,30.05,2.16
2710,NSE:WALCHANNAG,55.2,54.05,2.13
2712,NSE:WELCORP,150.1,147.7,1.62
2714,NSE:WEIZMANIND,58.15,61.2,-4.98
2716,NSE:WHEELS,792.0,791.05,0.12
2718,NSE:PRECWIRE,257.45,254.7,1.08
2719,NSE:INOXWIND,129.95,129.1,0.66
2720,NSE:WINDMACHIN,32.8,33.05,-0.76
2723,NSE:WSI,7.55,7.2,4.86
2727,NSE:AUSOMENT,66.9,66.25,0.98
2728,NSE:AUTOIND,61.05,62.3,-2.01
2729,NSE:HONAUT,44450.0,44648.7,-0.45
2731,NSE:BAJAJFINSV,18982.9,18488.9,2.67
2732,NSE:BALAJITELE,66.7,66.05,0.98
2734,NSE:BALRAMCHIN,380.05,378.1,0.52
2736,NSE:BALKRISIND,2607.6,2596.0,0.45
2738,NSE:INDBANK,25.55,25.05,2.0
2740,NSE:BARTRONICS,4.05,4.0,1.25
2742,NSE:BATAINDIA,2174.3,2118.15,2.65
2744,NSE:BEARDSELL,14.1,14.35,-1.74
2750,NSE:BRIGADE,460.25,461.95,-0.37
2751,NSE:BRITANNIA,3896.25,3894.85,0.04
2754,NSE:FINCABLES,491.75,490.55,0.24
2755,NSE:CORDSCABLE,58.0,57.95,0.09
2756,NSE:PRECAM,108.55,110.15,-1.45
2757,NSE:CANTABIL,600.0,605.4,-0.89
2759,NSE:CANFINHOME,708.3,699.5,1.26
2762,NSE:RELCAPITAL,22.25,22.05,0.91
2765,NSE:MANGCHEFER,74.6,74.15,0.61
2767,NSE:COALINDIA,185.9,183.8,1.14
2768,NSE:MANAKCOAT,18.55,18.5,0.27
2771,NSE:COLPAL,1686.65,1681.2,0.32
2773,NSE:THOMASCOOK,82.6,80.6,2.48
2774,NSE:COSMOFILMS,1655.0,1638.35,1.02
2777,NSE:DELTAMAGNT,70.5,70.7,-0.28
2784,NSE:INDOWIND,9.05,8.9,1.69
2786,NSE:ENGINERSIN,79.3,77.85,1.86
2787,NSE:TECHNOFAB,6.15,6.4,-3.91
2793,NSE:FIEMIND,1277.85,1266.4,0.9
2795,NSE:FINPIPE,229.7,228.3,0.61
2798,NSE:L&TFH,95.0,94.35,0.69
2801,NSE:REPCOHOME,324.55,324.15,0.12
2804,NSE:MANAPPURAM,199.4,195.3,2.1
2807,NSE:GRASIM,1782.4,1752.5,1.71
2808,NSE:GRAPHITE,602.85,602.0,0.14
2809,NSE:GREENLAM,1396.2,1404.1,-0.56
2811,NSE:GREENPLY,205.2,195.45,4.99
2813,NSE:GRPLTD,961.5,963.15,-0.17
2814,NSE:INDHOTEL,232.4,229.55,1.24
2815,NSE:HOVS,56.85,56.6,0.44
2818,NSE:REMSONSIND,245.0,239.05,2.49
2819,NSE:3MINDIA,25949.9,26013.1,-0.24
2820,NSE:INSECTICID,705.7,706.8,-0.16
2821,NSE:LINDEINDIA,2605.7,2608.4,-0.1
2824,NSE:RESPONIND,125.65,126.4,-0.59
2825,NSE:INDOSOLAR,3.05,2.95,3.39
2827,NSE:INFY,1764.1,1715.75,2.82
2831,NSE:V2RETAIL,202.7,193.05,5.0
2833,NSE:LICNETFN50,196.99,193.68,1.71
2837,NSE:SADBHIN,17.35,16.9,2.66
2840,NSE:TEXINFRA,59.05,59.3,-0.42
2843,NSE:LICNETFGSC,23.27,23.03,1.04
2846,NSE:3IINFOTECH,84.5,8.45,900.0
2850,NSE:SANOFI,8220.0,8161.65,0.71
2853,NSE:TRIDENT,40.35,38.45,4.94
2856,NSE:MERCATOR,1.75,1.75,0.0
2861,NSE:MADHUCON,5.65,5.6,0.89
2862,NSE:M&M,928.95,931.4,-0.26
2865,NSE:MANAKSIA,69.25,66.95,3.44
2870,NSE:MANUGRAPH,12.35,12.45,-0.8
2875,NSE:THEMISMED,994.0,988.9,0.52
2879,NSE:PAEL,7.0,7.0,0.0
2881,NSE:PRAKASH,75.7,75.75,-0.07
2883,NSE:PROZONINTU,29.8,30.2,-1.32
2885,NSE:REFEX,146.5,147.9,-0.95
2887,NSE:REPRO,566.0,561.0,0.89
2890,NSE:SEAMECLTD,1235.0,1214.2,1.71
2893,NSE:INDOTECH,176.0,174.3,0.98
2896,NSE:INDSWFTLTD,15.85,15.1,4.97
