Symbol,Price,PrevDayClose,ChangeInPercentage
NSE:BHARTIARTL,691.05,685.8,0.77
NSE:ASHOKLEY,144.5,144.75,-0.17
NSE:AUROPHARMA,721.4,727.15,-0.79
NSE:SANWARIA,0.7,0.7,0
NSE:ALMONDZ,134.6,128.3,4.91
NSE:SBIN,497.9,490.6,1.49
NSE:BPCL,463.7,459.3,0.96
NSE:MBECL,6.75,6.9,-2.17
NSE:MAHABANK,21.8,21.1,3.32
NSE:BOSCHLTD,17895.85,17863.85,0.18
NSE:IDBI,63.3,62.5,1.28
NSE:DABUR,621.95,615.2,1.1
NSE:TCIDEVELOP,359.15,358.55,0.17
NSE:DRREDDY,4900.1,4958.7,-1.18
NSE:DPSCLTD,16.75,16.4,2.13
NSE:MAHLIFE,280.65,274.15,2.37
NSE:LPDC,4.85,4.75,2.11
NSE:KAUSHALYA,2.8,2.75,1.82
NSE:IRB,218,211.9,2.88
NSE:HDIL,5.6,5.35,4.67
NSE:HDFC,2806.6,2808.75,-0.08
NSE:GOENKA,1.2,1.15,4.35
NSE:ENERGYDEV,11.25,11.25,0
NSE:SCHNEIDER,122.5,119.75,2.3
NSE:TATAELXSI,6303.35,6259.95,0.69
NSE:SWARAJENG,1759.25,1753.6,0.32
NSE:RECLTD,167.25,164.75,1.52
NSE:PEL,2852.2,2835.75,0.58
NSE:ADANIPORTS,824.2,812.8,1.4
NSE:OFSS,4783.95,4777.7,0.13
NSE:LICHSGFIN,454.4,443.3,2.5
NSE:PFS,21.85,21.4,2.1
NSE:PFC,153,148.95,2.72
NSE:MUTHOOTFIN,1570.7,1552.6,1.17
NSE:FACT,127.2,127.2,0
NSE:GSPL,320.8,318.25,0.8
NSE:GAIL,163,160.05,1.84
NSE:POWERGRID,207.15,204.65,1.22
NSE:VHL,3180.1,3183.45,-0.11
NSE:HINDUNILVR,2653.95,2649.55,0.17
NSE:HINDPETRO,337.05,331.35,1.72
NSE:HCC,11.25,10.65,5.63
NSE:HIRECT,187.45,186.8,0.35
NSE:ROHLTD,94,91.8,2.4
NSE:JUBLINDS,529.85,516.6,2.56
NSE:JISLJALEQS,50.45,51.25,-1.56
NSE:JYOTHYLAB,163,162.35,0.4
NSE:JUBLFOOD,4355.45,4409.6,-1.23
NSE:JSWSTEEL,723.1,692.85,4.37
NSE:JPPOWER,5.45,5.45,0
NSE:JPOLYINVST,131.25,125,5
NSE:JKTYRE,153.1,151.7,0.92
NSE:JKPAPER,253.2,251.05,0.86
NSE:JISLDVREQS,28.6,29.1,-1.72
NSE:JINDCOT,3.6,3.55,1.41
NSE:JINDALSAW,125.05,121.85,2.63
NSE:JBFIND,24.15,24.5,-1.43
NSE:JAGRAN,65.25,62.05,5.16
NSE:JAMNAAUTO,99.2,98.9,0.3
NSE:JAICORPLTD,139.6,138.6,0.72
NSE:JMA,71.2,70.65,0.78
NSE:JUSTDIAL,922.75,935.05,-1.32
NSE:JKIL,177.9,176.25,0.94
NSE:J&KBANK,40.9,38.95,5.01
NSE:PCJEWELLER,29.8,29.4,1.36
NSE:JSWENERGY,396,394,0.51
NSE:JKCEMENT,3499,3456,1.24
NSE:JUNIORBEES,472,466.86,1.1
NSE:JINDALPHOT,169.7,167.8,1.13
NSE:JAYAGROGN,251.4,254.65,-1.28
NSE:JAIBALAJI,55.5,55,0.91
NSE:JINDWORLD,117,113.15,3.4
NSE:JSWHL,4765.55,4698.1,1.44
NSE:KPRMILL,467.85,471.95,-0.87
NSE:KOTAKBANK,2023,2017.8,0.26
NSE:KSCL,555,554.45,0.1
NSE:KOTHARIPRO,108.1,106.45,1.55
NSE:KOTARISUG,35.05,35.2,-0.43
NSE:KOPRAN,217.25,214.5,1.28
NSE:KNRCON,309.85,306.45,1.11
NSE:KITEX,166.5,166.35,0.09
NSE:KIRLOSENG,223.25,208.95,6.84
NSE:KEC,464.85,459.7,1.12
NSE:KCPSUGIND,23.75,23.65,0.42
NSE:EKC,124.3,122.8,1.22
NSE:KSL,404.8,398.35,1.62
NSE:KANSAINER,607,607.2,-0.03
NSE:MRF,84775.6,85166.45,-0.46
NSE:TATASTEEL,1422.45,1375.05,3.45
NSE:RELIANCE,2705.15,2700.4,0.18
NSE:NOCIL,308.6,307.4,0.39
NSE:ICIL,291.7,290.9,0.28
NSE:TCS,3631.1,3611.45,0.54
NSE:SASKEN,1411.4,1379.5,2.31
NSE:RELINFRA,99.45,98.55,0.91
NSE:PRAJIND,337.3,338.1,-0.24
NSE:MARUTI,7664.25,7496.9,2.23
NSE:LUPIN,940.05,946.45,-0.68
NSE:YESBANK,14.15,13.2,7.2
NSE:XPROINDIA,669,637.15,5
NSE:VOLTAS,1333.9,1324.9,0.68
NSE:VISAKAIND,680.6,670.2,1.55
NSE:UFO,105.85,103.65,2.12
NSE:UFLEX,642,629.5,1.99
NSE:TV18BRDCST,47.9,45.65,4.93
NSE:TRIGYN,133,128.8,3.26
NSE:TRENT,1173.4,1154.45,1.64
NSE:TIDEWATER,1799.5,1799,0.03
NSE:TECHM,1445,1430.8,0.99
NSE:TATAMOTORS,520.5,497.6,4.6
NSE:TATACHEM,1117.95,1084.05,3.13
NSE:SUNPHARMA,837,841.3,-0.51
NSE:SUBROS,355.25,361.65,-1.77
NSE:SOUTHBANK,10.95,10.45,4.78
NSE:SKFINDIA,3254.2,3280.85,-0.81
NSE:SIEMENS,2300.9,2269.35,1.39
NSE:MINDTREE,4727.85,4691.2,0.78
NSE:MINDAIND,786.15,793.45,-0.92
NSE:MEGASOFT,18.8,18.7,0.53
NSE:MCDOWELL-N,887.05,888.6,-0.17
NSE:MAGNUM,8.35,8.4,-0.6
NSE:SABTN,2.5,2.6,-3.85
NSE:PNC,41.25,41.35,-0.24
NSE:NTPC,151.2,149.4,1.2
NSE:NCLIND,250.05,250.85,-0.32
NSE:NBCC,49.5,48.45,2.17
NSE:UNITEDTEA,422.8,414.2,2.08
NSE:RAMANEWS,20.35,20.9,-2.63
NSE:NMDC,158.3,153.55,3.09
NSE:NIITLTD,356.35,346.95,2.71
NSE:NHPC,33.35,30.9,7.93
NSE:NELCO,925.7,881.65,5
NSE:NELCAST,90.7,88.75,2.2
NSE:NECCLTD,18.8,18.9,-0.53
NSE:CONCOR,691.3,677.35,2.06
NSE:UNIONBANK,47.25,44.8,5.47
NSE:OMAXE,81.75,81.05,0.86
NSE:OMAXAUTO,47.35,48.65,-2.67
NSE:OIL,239,235.2,1.62
NSE:OBEROIRLTY,965,956.35,0.9
NSE:MCX,1978.45,2067.75,-4.32
NSE:LAOPALA,312.55,307.5,1.64
NSE:BANKINDIA,61.15,59.85,2.17
NSE:BANG,37,36.55,1.23
NSE:ABAN,66.85,65.3,2.37
NSE:ONWARDTEC,225.5,220.7,2.17
NSE:TCI,473.35,471.55,0.38
NSE:ORIENTBELL,364.9,354.25,3.01
NSE:QUINTEGRA,1.05,1,5
NSE:QUICKHEAL,233.5,235.6,-0.89
NSE:QGOLDHALF,2039,2064.75,-1.25
NSE:QNIFTY,1926,1910,0.84
NSE:INDOCO,488.3,463.05,5.45
NSE:TEXRAIL,36.95,35.8,3.21
NSE:UTTAMSTL,4.25,4.25,0
NSE:USHAMART,91.4,90.1,1.44
NSE:UNITECH,1.8,1.85,-2.7
NSE:UNIENTER,130.3,127.45,2.24
NSE:UMESLTD,3.9,4,-2.5
NSE:UGARSUGAR,29.5,29,1.72
NSE:CUB,172.55,171.35,0.7
NSE:BVCL,23.4,22.95,1.96
NSE:VSTTILLERS,3232.45,3239.45,-0.22
NSE:VSTIND,3850,3751.7,2.62
NSE:VOLTAMP,1483,1478.15,0.33
NSE:VIPIND,573,575.6,-0.45
NSE:VIMTALABS,314,297.95,5.39
NSE:HMVL,79.55,78.1,1.86
NSE:VLSFINANCE,202,201.85,0.07
NSE:VMART,4425.65,4325.65,2.31
NSE:GEECEE,159.5,158.95,0.35
NSE:VINYLINDIA,293.35,295.9,-0.86
NSE:GNFC,480.8,474.6,1.31
NSE:VESUVIUS,1191.3,1193.8,-0.21
NSE:VAIBHAVGBL,727.8,714.35,1.88
NSE:VADILALIND,1100,1072.35,2.58
NSE:VASWANI,19.3,17.95,7.52
NSE:WIPRO,713.65,708.25,0.76
NSE:WANBURY,86,82.3,4.5
NSE:WELSPUNIND,160.4,160.9,-0.31
NSE:WEBELSOLAR,82.9,81.3,1.97
NSE:WABCOINDIA,7703,7486.85,2.89
NSE:WOCKPHARMA,486.25,490.5,-0.87
NSE:WHIRLPOOL,2429.05,2445.65,-0.68
NSE:WILLAMAGOR,25.35,25.9,-2.12
NSE:WENDT,4462.35,4427.2,0.79
NSE:ZYDUSWELL,2309.2,2314.15,-0.21
NSE:WSTCSTPAPR,274,275.75,-0.63
NSE:WELENT,101.95,101.45,0.49
NSE:SSWL,1855,1823.05,1.75
NSE:WONDERLA,248.1,246.35,0.71
NSE:XCHANGING,113.7,115.95,-1.94
NSE:HINDZINC,390.15,346.7,12.53
NSE:ZENITHEXPO,93.35,94,-0.69
NSE:TBZ,90.4,87.8,2.96
NSE:ZEEL,315.5,319.85,-1.36
NSE:ZUARIGLOB,137.5,136.9,0.44
NSE:ZEEMEDIA,13,13.25,-1.89
NSE:ZUARI,125.7,123.75,1.58
NSE:ZEELEARN,14.35,14.35,0
NSE:ZENTEC,230.5,226.55,1.74
NSE:ZENSARTECH,512.5,508.35,0.82
NSE:ZODIACLOTH,118.75,118.2,0.47
NSE:ZICOM,1.6,1.55,3.23
NSE:AARVEEDEN,27.05,27.05,0
NSE:AARTIIND,1117.5,1107.45,0.91
NSE:AARTIDRUGS,629,624.6,0.7
NSE:ABB,1852.45,1819,1.84
NSE:ABFRL,272.45,264.25,3.1
NSE:ORIENTABRA,30.35,29.95,1.34
NSE:ABBOTINDIA,21532.45,21551.55,-0.09
NSE:IMPAL,792,788.25,0.48
NSE:ACCELYA,1399.9,1405.25,-0.38
NSE:ACE,266.1,260.2,2.27
NSE:TREEHOUSE,9.25,9.3,-0.54
NSE:ACC,2303.7,2309.85,-0.27
NSE:VARDHACRLC,69.5,66.8,4.04
NSE:ADSL,89.6,89.8,-0.22
NSE:ADANITRANS,1725.45,1687.3,2.26
NSE:ADANIENT,1627.15,1646.35,-1.17
NSE:ADVANIHOTR,83.75,83.35,0.48
NSE:ONELIFECAP,18.85,18.8,0.27
NSE:PRESSMN,29.6,29.15,1.54
NSE:ADORWELD,713,713.1,-0.01
NSE:BIRLAMONEY,66.4,66.1,0.45
NSE:ADANIPOWER,123.2,112,10
NSE:SPARC,301.15,293.7,2.54
NSE:AEGISCHEM,228.75,227.2,0.68
NSE:ARIES,152,151.2,0.53
NSE:IFBAGRO,703.8,702.05,0.25
NSE:ATFL,1048.95,1040.2,0.84
NSE:AGCNET,997.4,995.4,0.2
NSE:AGRITECH,73,75.25,-2.99
NSE:AGARIND,372.35,368.55,1.03
NSE:GOKULAGRO,43.3,43,0.7
NSE:HATSUN,1470.85,1457.65,0.91
NSE:DHANUKA,827.6,825.1,0.3
NSE:NATNLSTEEL,5.5,5.25,4.76
NSE:AHLWEST,278.8,276.55,0.81
NSE:AHLUCONT,360,358.2,0.5
NSE:AHLEAST,189.25,188.7,0.29
NSE:AIAENG,1916.7,1887.2,1.56
NSE:JETAIRWAYS,100,99.55,0.45
NSE:AJMERA,356,350.75,1.5
NSE:AJANTPHARM,2205.95,2215.45,-0.43
NSE:AKZOINDIA,2214.4,2221.15,-0.3
NSE:AKSHOPTFBR,9.1,8.7,4.6
NSE:ALLSEC,477.4,466.55,2.33
NSE:ALKEM,3883,3892.7,-0.25
NSE:GUJALKALI,816.15,823.55,-0.9
NSE:IMFA,799.8,761.75,5
NSE:SALSTEEL,9.95,10,-0.5
NSE:ALICON,807.8,770.8,4.8
NSE:APLLTD,811,806.6,0.55
NSE:SHAHALLOYS,33.9,35,-3.14
NSE:ALKALI,94,98.9,-4.95
NSE:ALANKIT,17.7,17.45,1.43
NSE:ALEMBICLTD,113.75,113.4,0.31
NSE:NATIONALUM,119.35,107.6,10.92
NSE:ALLCARGO,282.1,288.25,-2.13
NSE:MAITHANALL,1125.55,1105,1.86
NSE:GAL,2.4,2.35,2.13
NSE:ALPA,53.95,54.7,-1.37
NSE:MANAKALUCO,20.7,19.9,4.02
NSE:MAANALU,143,136.2,4.99
NSE:ALCHEM,3.15,3.3,-4.55
NSE:ALPSINDUS,3.75,3.9,-3.85
NSE:ALKYLAMINE,4032.65,3974.45,1.46
NSE:ALPHAGEO,438.95,432,1.61
NSE:GAEL,179.45,177.45,1.13
NSE:BANARISUG,2380,2381.85,-0.08
NSE:AMBIKCO,1984.55,1980,0.23
NSE:BASML,61.5,62.1,-0.97
NSE:AMBUJACEM,411.7,408.75,0.72
NSE:AMDIND,33.85,30.8,9.9
NSE:AMRUTANJAN,957.7,907.65,5.51
NSE:BALAMINES,4505,4464.7,0.9
NSE:AMARAJABAT,749.8,760.15,-1.36
NSE:MRPL,52.25,52,0.48
NSE:LOTUSEYE,43.75,44.6,-1.91
NSE:IOLCP,611.05,608.55,0.41
NSE:ANSALAPI,10.75,10.55,1.9
NSE:ANIKINDS,22.3,21.95,1.59
NSE:ANANTRAJ,73.7,73.2,0.68
NSE:DALMIASUG,455.8,454.15,0.36
NSE:ANDHRACEMT,16.4,15.65,4.79
NSE:SESHAPAPER,184.45,185.75,-0.7
NSE:RCF,83.9,82.9,1.21
NSE:TAINWALCHM,77.95,78.25,-0.38
NSE:EUROTEXIND,13.55,12.95,4.63
NSE:MADHAV,61.65,61.1,0.9
NSE:ANTGRAPHIC,0.75,0.75,0
NSE:SUTLEJTEX,68.75,68.2,0.81
NSE:ANKITMETAL,3,2.9,3.45
NSE:BALMLAWRIE,131.5,130.6,0.69
NSE:CHOLAFIN,603.25,594,1.56
NSE:VETO,117.9,117.65,0.21
NSE:PGHH,13856.7,13789.3,0.49
NSE:SDBL,47.1,46.55,1.18
NSE:OISL,1.85,1.9,-2.63
NSE:DEEPAKFERT,449.45,421,6.76
NSE:ANSALHSG,6.55,6.4,2.34
NSE:SURANAT&P,10.55,10.15,3.94
NSE:ANDHRSUGAR,667.95,667.85,0.01
NSE:CARERATING,702.75,680.1,3.33
NSE:BLKASHYAP,29.4,29.7,-1.01
NSE:COX&KINGS,1.6,1.65,-3.03
NSE:TGBHOTELS,12.05,11.6,3.88
NSE:WELINV,321.7,331.2,-2.87
NSE:APTECHT,306.5,305.6,0.29
NSE:APOLSINHOT,868.65,884.55,-1.8
NSE:APLAPOLLO,841.25,850.65,-1.11
NSE:APARINDS,707,696.2,1.55
NSE:APOLLOTYRE,241.45,239.8,0.69
NSE:APCOTEXIND,421.55,419.3,0.54
NSE:APOLLOHOSP,4387.8,4328.4,1.37
NSE:BUTTERFLY,996,993.85,0.22
NSE:GUJAPOLLO,213,212.95,0.02
NSE:ARSHIYA,35.45,38.25,-7.32
NSE:ARSSINFRA,30.8,30.45,1.15
NSE:ARIHANT,26.1,26.2,-0.38
NSE:ARCHIES,18.5,18.6,-0.54
NSE:ARCHIDPLY,32.95,32.95,0
NSE:AROGRANITE,63.8,63.7,0.16
NSE:INTELLECT,714.9,706.3,1.22
NSE:ARCOTECH,2.2,2.2,0
NSE:ARVIND,122.05,120.4,1.37
NSE:MUKTAARTS,40.45,40.6,-0.37
NSE:GILLANDERS,56.45,58.1,-2.84
NSE:ASIANPAINT,3253.75,3297.8,-1.34
NSE:ASTEC,1295.5,1284.7,0.84
NSE:ASAL,90.05,85.8,4.95
NSE:EIHAHOTELS,424,425.05,-0.25
NSE:ASIANHOTNR,90.25,89.45,0.89
NSE:ASHAPURMIN,122.7,124.15,-1.17
NSE:ASTRAMICRO,209.95,206.6,1.62
NSE:ASTRAZEN,3125.55,3150.95,-0.81
NSE:ASTRAL,2349.75,2338.3,0.49
NSE:JPASSOCIAT,10.1,9.8,3.06
NSE:INFRABEES,552.83,547.1,1.05
NSE:ASAHISONG,351,349.3,0.49
NSE:ASHIANA,186.4,189.65,-1.71
NSE:ASHIMASYN,19.6,19.55,0.26
NSE:ASIANTILES,151.5,149.95,1.03
NSE:ASAHIINDIA,387.05,370.75,4.4
NSE:ASHOKA,120.3,116.95,2.86
NSE:ATUL,10734.45,10499.55,2.24
NSE:ATLASCYCLE,28.85,30.35,-4.94
NSE:ATNINTER,0.2,0.2,0
NSE:ATULAUTO,241.4,237.45,1.66
NSE:ATLANTA,13.6,13.35,1.87
NSE:BAJAJ-AUTO,3928.05,3965.9,-0.95
NSE:MUNJALAU,61.25,60.5,1.24
NSE:AUTOLITIND,15.5,14.95,3.68
NSE:PPAP,261.95,261.2,0.29
NSE:LUMAXTECH,143.7,144.6,-0.62
NSE:INDIGO,2064,2073.2,-0.44
NSE:AVTNPL,90.15,89.85,0.33
NSE:AVANTIFEED,569.35,570.2,-0.15
NSE:AXISBANK,805.5,802.05,0.43
NSE:AXISCADES,91.95,90.75,1.32
NSE:AXISGOLD,41.04,41.45,-0.99
NSE:AUTOAXLES,1375,1349.9,1.86
NSE:AYMSYNTEX,110.6,108.65,1.79
NSE:ICICIBANK,743.55,727.3,2.23
NSE:CANBK,197,193.55,1.78
NSE:BALLARPUR,1.25,1.2,4.17
NSE:INDIANB,172.9,164.5,5.11
NSE:HDFCBANK,1685.35,1687.4,-0.12
NSE:BASF,3712,3587.75,3.46
NSE:BAGFILMS,3.15,3.2,-1.56
NSE:BANKBEES,400.68,395.99,1.18
NSE:PSUBNKBEES,30.56,29.59,3.28
NSE:BAJFINANCE,7881.3,7862.9,0.23
NSE:BBL,1379,1361.9,1.26
NSE:BBTC,1148.05,1153.6,-0.48
NSE:BEML,1672.5,1659.7,0.77
NSE:BEDMUTHA,54,51.45,4.96
NSE:BERGEPAINT,837.45,838.45,-0.12
NSE:NRBBEARING,146.55,145.55,0.69
NSE:NIBL,28.5,31.65,-9.95
NSE:MENONBE,83,81.1,2.34
NSE:BEL,219.2,210.55,4.11
NSE:NIFTYBEES,198.95,197.11,0.93
NSE:LIQUIDBEES,1000,1000,0
NSE:SHARIABEES,456.52,452.63,0.86
NSE:GOLDBEES,41.08,41.52,-1.06
NSE:BANARBEADS,79.5,80.2,-0.87
NSE:HNGSNGBEES,325.5,322.63,0.89
NSE:BFUTILITIE,466,467.9,-0.41
NSE:BFINVEST,379.15,376.35,0.74
NSE:BGRENERGY,73.45,69.4,5.84
NSE:BGLOBAL,2.7,2.6,3.85
NSE:BHEL,75.05,74.35,0.94
NSE:BHARATFORG,805,801,0.5
NSE:BHARATGEAR,178,177.05,0.54
NSE:JAYBARMARU,217.45,221.2,-1.7
NSE:BHAGERIA,297.9,293.5,1.5
NSE:BHARATRAS,12116.4,12237.35,-0.99
NSE:BEPL,201.95,201.15,0.4
NSE:BHARATWIRE,65.2,64.25,1.48
NSE:BIL,225.3,224.7,0.27
NSE:NBVENTURES,128.35,124,3.51
NSE:BIOCON,342.75,347.65,-1.41
NSE:BSLNIFTY,204.65,202.97,0.83
NSE:NATHBIOGEN,324.75,324.1,0.2
NSE:BINDALAGRO,24.4,24.15,1.04
NSE:BILENERGY,0.6,0.65,-7.69
NSE:BSLGOLDETF,4321.1,4361.15,-0.92
NSE:PANACEABIO,268.8,270.7,-0.7
NSE:GUFICBIO,194,194.3,-0.15
NSE:BIRLACORPN,1421.2,1426.7,-0.39
NSE:HESTERBIO,2554.95,2520.45,1.37
NSE:BLBLIMITED,12.35,12.95,-4.63
NSE:PHILIPCARB,250.65,249.95,0.28
NSE:BLUEDART,6500,6508.6,-0.13
NSE:BLUECOAST,5.9,5.9,0
NSE:BLISSGVS,111.55,111.4,0.13
NSE:BLUECHIP,0.45,0.4,12.5
NSE:BLUESTARCO,924.6,914.85,1.07
NSE:BODALCHEM,140.3,141.65,-0.95
NSE:BOMDYEING,102.2,102.9,-0.68
NSE:GENUSPAPER,13,12.4,4.84
NSE:CEBBCO,34.3,33.65,1.93
NSE:BRFL,7.3,7.2,1.39
NSE:BPL,137.15,144.35,-4.99
NSE:DBSTOCKBRO,18,17.95,0.28
NSE:UBL,1699.4,1709.35,-0.58
NSE:SUNDRMBRAK,415,417.2,-0.53
NSE:KIRLOSBROS,399.85,403.15,-0.82
NSE:BROOKS,133.1,130.8,1.76
NSE:RBL,913.9,880.9,3.75
NSE:NOIDATOLL,7.15,7.5,-4.67
NSE:BSL,81.25,84.8,-4.19
NSE:BURNPUR,4,3.85,3.9
NSE:BYKE,36.15,36.25,-0.28
NSE:GOACARBON,398.7,389.1,2.47
NSE:ELECTCAST,37.1,36.55,1.5
NSE:CASTROLIND,148.15,146.75,0.95
NSE:CANDC,3.3,3.2,3.12
NSE:CADILAHC,535.8,544.1,-1.53
NSE:CCCL,0.5,0.5,0
NSE:CCHHL,7.4,7.3,1.37
NSE:CCL,411.35,411.05,0.07
NSE:IDEA,10.65,10.75,-0.93
NSE:ITDCEM,95.9,92.25,3.96
NSE:CESC,95.05,93.75,1.39
NSE:CERA,6198.95,5606.6,10.57
NSE:CEATLTD,1364,1355.95,0.59
NSE:RAMCOCEM,1004.35,994.4,1
NSE:CENTEXT,9.3,9.2,1.09
NSE:ULTRACEMCO,7459.25,7395.5,0.86
NSE:KOVAI,1671.6,1648.8,1.38
NSE:MANGLMCEM,445.05,445.55,-0.11
NSE:CEREBRAINT,54.3,54.6,-0.55
NSE:SOMANYCERA,839.95,834.3,0.68
NSE:SHREECEM,28170,27956.45,0.76
NSE:KAKATCEM,256.05,254.6,0.57
NSE:GSCLCEMENT,52.1,51.4,1.36
NSE:CENTURYPLY,557.15,528.9,5.34
NSE:ORIENTCEM,163.15,162.25,0.55
NSE:MURUDCERA,27.9,27.65,0.9
NSE:CENTRALBK,23.5,23.2,1.29
NSE:REGENCERAM,1.85,1.85,0
NSE:SHYAMCENT,14.4,14.3,0.7
NSE:CENTURYTEX,953.3,962.65,-0.97
NSE:JKLAKSHMI,625,631.25,-0.99
NSE:CELEBRITY,10.55,11.1,-4.95
NSE:DECCANCE,783.5,769.45,1.83
NSE:CENTUM,562.95,541.5,3.96
NSE:CENTENKA,462.7,459.2,0.76
NSE:INDIACEM,223.5,214.4,4.24
NSE:KAJARIACER,1310.95,1303.7,0.56
NSE:CGCL,516.5,519.65,-0.61
NSE:SUDARSCHEM,666.75,664,0.41
NSE:CLNINDIA,604.1,602.25,0.31
NSE:CHROMATIC,0.9,0.95,-5.26
NSE:RAJSREESUG,27.55,27.7,-0.54
NSE:TIRUMALCHM,280.35,289.65,-3.21
NSE:CIPLA,905,911.35,-0.7
NSE:CIGNITITEC,612.85,615,-0.35
NSE:CINEVISTA,15.9,15.15,4.95
NSE:MAHINDCIE,270.15,250.55,7.82
NSE:OPTOCIRCUI,3.3,3.25,1.54
NSE:CINELINE,129.95,123.8,4.97
NSE:SHRIRAMCIT,2231.5,2188.75,1.95
NSE:INDIANCARD,179.9,177.65,1.27
NSE:KKCL,1040,1024.05,1.56
NSE:CPSEETF,32.71,32.06,2.03
NSE:GANESHHOUC,224,223.1,0.4
NSE:CREATIVEYE,3.85,3.85,0
NSE:CRISIL,3042.65,2978.9,2.14
NSE:SHARDACROP,320.25,318.95,0.41
NSE:SATIN,77.7,77.4,0.39
NSE:PUNJABCHEM,1554,1531.8,1.45
NSE:CREST,123.3,123.15,0.12
NSE:BAYERCROP,5248.15,5244.6,0.07
NSE:CTE,63.65,62.9,1.19
NSE:CURATECH,1.6,1.6,0
NSE:CUBEXTUB,24.85,23.8,4.41
NSE:CUMMINSIND,926.35,903.15,2.57
NSE:CYBERTECH,177,174.85,1.23
NSE:CYBERMEDIA,9.65,10.1,-4.46
NSE:CYIENT,1182.05,1159.8,1.92
NSE:COFFEEDAY,39.25,36.95,6.22
NSE:HATHWAY,27.2,26.85,1.3
NSE:UMANGDAIRY,80.25,79.45,1.01
NSE:DAAWAT,72.75,73.6,-1.15
NSE:DATAMATICS,350.1,358.85,-2.44
NSE:DBREALTY,41.3,39.35,4.96
NSE:DBCORP,97.7,96.45,1.3
NSE:DCW,52,52.8,-1.52
NSE:DCM,53.3,51.25,4
NSE:DCBBANK,95.65,93.25,2.57
NSE:DCMSHRIRAM,1205,1191.1,1.17
NSE:DELTACORP,298.3,289.9,2.9
NSE:HIL,5238.9,5195.25,0.84
NSE:NDL,74.3,75.6,-1.72
NSE:DHUNINV,638.5,638.45,0.01
NSE:DTIL,287.5,286.8,0.24
NSE:DHARSUGAR,20.35,20.5,-0.73
NSE:DHAMPURSUG,332.4,325.6,2.09
NSE:DHANBANK,16.95,16.7,1.5
NSE:DISHTV,18.5,19,-2.63
NSE:DIAPOWER,1.55,1.6,-3.13
NSE:GDL,285.05,288.3,-1.13
NSE:RKDL,14.2,14.55,-2.41
NSE:DICIND,464.85,460.05,1.04
NSE:PIONDIST,180.1,180.6,-0.28
NSE:DIVISLAB,5327.4,5372.15,-0.83
NSE:DLF,440.8,434.9,1.36
NSE:DLINKINDIA,146.4,146.1,0.21
NSE:DONEAR,59.1,58.85,0.42
NSE:DQE,0.9,0.9,0
NSE:PDPL,2.95,2.95,0
NSE:KILITCH,166.25,167.05,-0.48
NSE:LALPATHLAB,3667.15,3683.3,-0.44
NSE:MANGALAM,143,141.35,1.17
NSE:DREDGECORP,377.45,377.95,-0.13
NSE:JINDRILL,153.4,150.85,1.69
NSE:DSSL,168.5,168.75,-0.15
NSE:DWARKESH,75.85,75.45,0.53
NSE:DYNAMATECH,2837,2780.1,2.05
NSE:GESHIP,354.25,358.45,-1.17
NSE:EASUNREYRL,2.95,2.9,1.72
NSE:EASTSILK,5.25,5.5,-4.55
NSE:EBANK,3890,3965,-1.89
NSE:ECLERX,2339.95,2300.1,1.73
NSE:VIKASECO,2.2,2.1,4.76
NSE:GANECOS,499.95,482.55,3.61
NSE:EDUCOMP,2.95,3,-1.67
NSE:EDELWEISS,82.4,79.65,3.45
NSE:MTEDUCARE,9,8.95,0.56
NSE:NAUKRI,7008.2,7008.85,-0.01
NSE:NIFTYEES,22705,22705,0
NSE:NAVNETEDUL,114.2,115.35,-1
NSE:SKMEGGPROD,84.6,85.2,-0.7
NSE:EICHERMOT,2841.75,2853.2,-0.4
NSE:EIHOTEL,144.4,141.85,1.8
NSE:EIMCOELECO,409.25,395.2,3.56
NSE:EIDPARRY,486,484.95,0.22
NSE:ELGIEQUIP,203.2,204.6,-0.68
NSE:TVSELECT,176.4,169.5,4.07
NSE:MIRCELECTR,21.5,20.8,3.37
NSE:BAJAJELEC,1301.9,1274.95,2.11
NSE:INDNIPPON,415,404.5,2.6
NSE:ELECTHERM,135.5,141.7,-4.38
NSE:ELGIRUBCO,40.3,39.7,1.51
NSE:KECL,24.15,24.75,-2.42
NSE:PGEL,541.25,545.75,-0.82
NSE:ELECON,166,166.15,-0.09
NSE:SALZERELEC,166.4,165.55,0.51
NSE:EMCO,2.1,2.2,-4.55
NSE:PIONEEREMB,62.5,61.85,1.05
NSE:EMAMILTD,552.3,550.25,0.37
NSE:EMMBI,108.25,108.05,0.19
NSE:EMKAY,119.25,117.1,1.84
NSE:SHEMAROO,144,148.6,-3.1
NSE:SADBHAV,55.75,54.95,1.46
NSE:RELIGARE,175,172.2,1.63
NSE:PATELENG,27.5,27.75,-0.9
NSE:ENIL,188.55,186.4,1.15
NSE:KARMAENG,22.5,23.2,-3.02
NSE:A2ZINFRA,4.85,4.65,4.3
NSE:SHRIRAMEPC,6.8,7.15,-4.9
NSE:REVATHI,661.75,668.4,-0.99
NSE:EROSMEDIA,21.25,21.35,-0.47
NSE:ESSARSHPNG,11.8,11.15,5.83
NSE:ESCORTS,1539.25,1520.95,1.2
NSE:ESABINDIA,2464,2423,1.69
NSE:ESTER,154.7,148.3,4.32
NSE:IBREALEST,180.25,164.1,9.84
NSE:PRESTIGE,457.35,453.55,0.84
NSE:KOTAKNIFTY,194.15,192.42,0.9
NSE:KOTAKGOLD,41.38,41.78,-0.96
NSE:UTISENSETF,649.61,640.48,1.43
NSE:GOLDSHARE,41.35,41.7,-0.84
NSE:KOTAKBKETF,400.85,396.49,1.1
NSE:IDBIGOLD,4370,4414.9,-1.02
NSE:HDFCMFGETF,42.22,42.56,-0.8
NSE:HDFCNIFETF,196.84,194.96,0.96
NSE:HDFCSENETF,663.8,652.5,1.73
NSE:UTINIFTETF,1935.01,1935.83,-0.04
NSE:KOTAKPSUBK,271.11,266.31,1.8
NSE:KOTAKNV20,102.15,100.84,1.3
NSE:EUROMULTI,1.45,1.4,3.57
NSE:EVEREADY,382.95,384.55,-0.42
NSE:EVERESTIND,454.8,443.65,2.51
NSE:EXIDEIND,187.4,186,0.75
NSE:HINDOILEXP,198.6,196.55,1.04
NSE:EXCELINDUS,1080.1,1066.85,1.24
NSE:NORBTEAEXP,7.3,7.3,0
NSE:NAGREEKEXP,31.85,32.85,-3.04
NSE:NUCLEUS,593.1,593.7,-0.1
NSE:ORBTEXP,81.65,79.75,2.38
NSE:SELAN,164.45,161.1,2.08
NSE:RAJESHEXPO,647.5,646.6,0.14
NSE:EXCEL,3.2,3.1,3.23
NSE:KABRAEXTRU,246.5,249.35,-1.14
NSE:SAKUMA,10.5,10.5,0
NSE:GOKEX,228.05,221.25,3.07
NSE:PDSMFL,1389.75,1276.2,8.9
NSE:MONTECARLO,392.75,392.05,0.18
NSE:SUNDRMFAST,936.55,939.75,-0.34
NSE:INDTERRAIN,48.1,47.9,0.42
NSE:FLFL,64.1,64.05,0.08
NSE:FCSSOFT,1.6,1.55,3.23
NSE:FCL,124.9,124.45,0.36
NSE:FDC,356.5,354.1,0.68
NSE:FMGOETZE,277.45,279,-0.56
NSE:FEDERALBNK,96.25,93.1,3.38
NSE:GSFC,137.05,136.2,0.62
NSE:SHREEPUSHK,240.3,238.8,0.63
NSE:ROHITFERRO,11.7,11.15,4.93
NSE:IMPEXFERRO,1.2,1.2,0
NSE:CHAMBLFERT,388.55,383.35,1.36
NSE:NFL,59.35,59.35,0
NSE:MADRASFERT,31.35,30.9,1.46
NSE:SRTRANSFIN,1413.95,1383.55,2.2
NSE:SARLAPOLY,56.2,55.6,1.08
NSE:IBULHSGFIN,247.8,237.5,4.34
NSE:FSL,216.65,217.6,-0.44
NSE:GICHSGFIN,161.55,159,1.6
NSE:CAMLINFINE,189.3,187.6,0.91
NSE:CONSOFINVT,168.85,167.25,0.96
NSE:JMFINANCIL,95.8,93.95,1.97
NSE:SUNDARMFIN,2465,2454.65,0.42
NSE:NAHARCAP,296.1,290.4,1.96
NSE:GLFL,3.2,2.95,8.47
NSE:FILATEX,117.85,115.55,1.99
NSE:TCIFINANCE,5.3,5.3,0
NSE:NAHARPOLY,248.55,242.8,2.37
NSE:NITINFIRE,1.2,1.25,-4
NSE:MOTILALOFS,916.45,906.55,1.09
NSE:NAVINFLUOR,3974.95,3934.25,1.03
NSE:FLEXITUFF,18.5,17.5,5.71
NSE:FMNL,10.55,10.55,0
NSE:MMFL,921.1,885.35,4.04
NSE:FOSECOIND,1481.95,1486.6,-0.31
NSE:FORTIS,266.55,274.45,-2.88
NSE:ADFFOODS,967,958.3,0.91
NSE:RKFORGE,1178.45,1163.35,1.3
NSE:HERITGFOOD,478.25,473.45,1.01
NSE:METALFORGE,5.55,5.4,2.78
NSE:PFOCUS,91.65,87.3,4.98
NSE:RELAXO,1380.6,1352.1,2.11
NSE:HILTON,13.75,13.1,4.96
NSE:LGBFORGE,6.85,6.55,4.58
NSE:KALYANIFRG,200.9,199.65,0.63
NSE:HFCL,81.5,78.95,3.23
NSE:UCALFUEL,161.05,161.55,-0.31
NSE:IGL,506,509.8,-0.75
NSE:GABRIEL,155.75,156.25,-0.32
NSE:GALLISPAT,53.55,53.05,0.94
NSE:GATI,149,146.65,1.6
NSE:GUJGASLTD,645.5,628.8,2.66
NSE:GANDHITUBE,442,438.95,0.69
NSE:ONGC,163.7,159.05,2.92
NSE:INTEGRA,4.5,4.6,-2.17
NSE:GANGOTRI,1.15,1.1,4.55
NSE:GAYAPROJ,49.55,49.3,0.51
NSE:GALLANTT,78.95,80.45,-1.86
NSE:GENUSPOWER,87.45,83.4,4.86
NSE:LYPSAGEMS,5.4,5.6,-3.57
NSE:GENESYS,281.25,293.95,-4.32
NSE:SHANTIGEAR,164.05,163.9,0.09
NSE:MOTOGENFIN,25.7,25.5,0.78
NSE:HITECHGEAR,263.4,258.1,2.05
NSE:GHCL,467.35,458.35,1.96
NSE:PNBGILTS,69.4,68.45,1.39
NSE:GIPCL,98.1,96.25,1.92
NSE:GIRRESORTS,119.95,119.95,0
NSE:GINNIFILA,34.65,34.15,1.46
NSE:GISOLUTION,3.95,3.8,3.95
NSE:GILLETTE,5874.95,5832.85,0.72
NSE:GKWLIMITED,684.2,689.25,-0.73
NSE:GLOBUSSPR,1447.6,1454.8,-0.49
NSE:GLENMARK,521.05,524.8,-0.71
NSE:GLAXO,1489.95,1481.7,0.56
NSE:INDIAGLYCO,935,931.8,0.34
NSE:SGL,16.05,16.65,-3.6
NSE:ONMOBILE,123.95,118.15,4.91
NSE:HINDNATGLS,36.3,35.8,1.4
NSE:GLOBALVECT,58.5,56.4,3.72
NSE:HGS,2874.95,2845.05,1.05
NSE:PGIL,308.35,311.15,-0.9
NSE:GMBREW,824.25,838.85,-1.74
NSE:GMDCLTD,77.9,78.05,-0.19
NSE:GMRINFRA,43.5,43.4,0.23
NSE:GODREJIND,575.3,569.35,1.05
NSE:GPIL,1424.5,1356.7,5
NSE:GODREJCP,1040.75,1038.7,0.2
NSE:GOKUL,27.7,27.8,-0.36
NSE:GOLDENTOBC,155.1,147.75,4.97
NSE:GOCLCORP,358.75,365.85,-1.94
NSE:SHIRPUR-G,4.95,5.2,-4.81
NSE:GOLDTECH,40.05,42.15,-4.98
NSE:GOLDIAM,984,958.65,2.64
NSE:SETFGOLD,4207.85,4249.5,-0.98
NSE:GODREJPROP,2494.9,2502.75,-0.31
NSE:GOODLUCK,305.8,305.15,0.21
NSE:GODFRYPHLP,1332,1329.95,0.15
NSE:GPPL,113,113.15,-0.13
NSE:GULFPETRO,54.75,55.05,-0.54
NSE:GREAVESCOT,140.75,140.3,0.32
NSE:GRANULES,324.9,328.4,-1.07
NSE:GSS,83.6,83.65,-0.06
NSE:GTLINFRA,1.75,1.7,2.94
NSE:GTL,14.75,14.9,-1.01
NSE:GTNTEX,8.25,8.25,0
NSE:GULFOILLUB,596.3,593.8,0.42
NSE:GULPOLY,330.8,315.05,5
NSE:TIMESGTY,52.95,53.3,-0.66
NSE:GVKPIL,2.5,2.6,-3.85
NSE:TAJGVK,153.95,147.8,4.16
NSE:HARRMALAYA,187,187.55,-0.29
NSE:HAVELLS,1472.95,1474.1,-0.08
NSE:HBLPOWER,58.8,54.7,7.5
NSE:HCLTECH,1224.85,1251.15,-2.1
NSE:HCG,255.55,255.95,-0.16
NSE:HCL-INSYS,14.15,13.95,1.43
NSE:HEIDELBERG,258.6,255.35,1.27
NSE:HEG,2368,2360.25,0.33
NSE:HEXATRADEX,173.45,170.8,1.55
NSE:HERCULES,148.4,147.8,0.41
NSE:TTKHLTCARE,684.45,682.75,0.25
NSE:HEROMOTOCO,2933.3,2927.8,0.19
NSE:HINDMOTORS,17.3,15.75,9.84
NSE:HINDCOMPOS,326.9,323.75,0.97
NSE:HINDCOPPER,144.8,132.35,9.41
NSE:HIKAL,525.8,522.75,0.58
NSE:BAJAJHIND,14.9,14.7,1.36
NSE:HINDALCO,550.9,516.1,6.74
NSE:HIMATSEIDE,262.3,269.05,-2.51
NSE:BAJAJHLDNG,4767.75,4745.65,0.47
NSE:HMT,30.6,31.5,-2.86
NSE:NH,515.6,514.8,0.16
NSE:HSIL,236.3,226.85,4.17
NSE:HTMEDIA,26.35,26.2,0.57
NSE:INDIANHUME,204.6,203,0.79
NSE:HUBTOWN,38.15,36.35,4.95
NSE:ICRA,3717.95,3575.35,3.99
NSE:IDFC,55.3,54.2,2.03
NSE:IFCI,14.2,13.9,2.16
NSE:IFBIND,1172.8,1168.4,0.38
NSE:IGARASHI,575.95,580.75,-0.83
NSE:IGPL,881,875.95,0.58
NSE:IITL,73.05,74.4,-1.81
NSE:IIFL,293.9,294.6,-0.24
NSE:IL&FSENGG,4.75,4.8,-1.04
NSE:IVC,6.3,6,5
NSE:IL&FSTRANS,3.85,3.95,-2.53
NSE:INDLMETER,13.4,12.85,4.28
NSE:IOB,23.05,22.7,1.54
NSE:IOC,137.65,134.4,2.42
NSE:IPCALAB,2437.3,2422.2,0.62
NSE:SUNFLAG,86.3,83.6,3.23
NSE:ISMTLTD,36.5,34.8,4.89
NSE:ISFT,148.5,150.6,-1.39
NSE:SMLISUZU,622.4,612.45,1.62
NSE:SATHAISPAT,3.25,3.25,0
NSE:ITC,262.25,256.55,2.22
NSE:ITI,127.7,128,-0.23
NSE:PILITA,7.4,7.4,0
NSE:IVP,118,114,3.51
NSE:IZMO,96.3,96.75,-0.47
NSE:JAGSNPHARM,163.75,151,8.44
NSE:JAINSTUDIO,2.3,2.2,4.55
NSE:JAYNECOIND,26.6,25.9,2.7
NSE:JAYSREETEA,110.8,110.4,0.36
NSE:JPINFRATEC,2.25,2.3,-2.17
NSE:JBCHEPHARM,1759.4,1799.85,-2.25
NSE:JBMA,629.45,631.95,-0.4
NSE:THANGAMAYL,1398,1356.3,3.07
NSE:JHS,26.3,26.65,-1.31
NSE:JSLHISAR,328.65,319.65,2.82
NSE:JIKIND,0.55,0.5,10
NSE:JINDALSTEL,460.5,446.5,3.14
NSE:JINDALPOLY,1074,1019.7,5.33
NSE:JSL,181.05,172.05,5.23
NSE:JMTAUTOLTD,3.15,3.15,0
NSE:JMCPROJECT,115,113.7,1.14
NSE:JOCIL,230,229.7,0.13
NSE:JYOTISTRUC,19.55,18.65,4.83
NSE:KAMDHENU,260.05,246.15,5.65
NSE:KALPATPOWR,445.5,443.45,0.46
NSE:KANANIIND,9.2,9.05,1.66
NSE:KAMATHOTEL,64.1,63.1,1.58
NSE:KARURVYSYA,50.65,49.25,2.84
NSE:KAYA,558,550.15,1.43
NSE:KTKBANK,71.95,71.35,0.84
NSE:PKTEA,325,327.65,-0.81
NSE:KANORICHEM,197.95,194.6,1.72
NSE:KICL,2118.1,2135.9,-0.83
NSE:KAVVERITEL,8.6,8.2,4.88
NSE:KCP,144.45,142.55,1.33
NSE:KDDL,512.4,517.9,-1.06
NSE:KEI,998.9,939.7,6.3
NSE:KERNEX,82.95,82.6,0.42
NSE:KELLTONTEC,52.25,51.6,1.26
NSE:KESORAMIND,70.05,70.85,-1.13
NSE:SHK,156.45,155.25,0.77
NSE:RADICO,1130.85,1095.3,3.25
NSE:KHANDSE,17.25,17.2,0.29
NSE:KHAITANLTD,38,37.25,2.01
NSE:KIRIINDUS,529.7,533.8,-0.77
NSE:KIRLOSIND,1630,1619.9,0.62
NSE:KMSUGAR,27.3,27.35,-0.18
NSE:KOTHARIPET,52.15,52.4,-0.48
NSE:KOKUYOCMLN,68.65,68.2,0.66
NSE:KOLTEPATIL,324.9,326.1,-0.37
NSE:KRBL,323.1,320.85,0.7
NSE:KRIDHANINF,5.3,5.15,2.91
NSE:KWALITY,2.2,2.2,0
NSE:LT,1796.65,1789.3,0.41
NSE:MOREPENLAB,54.55,54.7,-0.27
NSE:LYKALABS,81.5,79,3.16
NSE:UNICHEMLAB,261.5,264.25,-1.04
NSE:LAKPRE,4.6,4.65,-1.08
NSE:LAMBODHARA,87.45,87.45,0
NSE:VIVIMEDLAB,21.35,21.55,-0.93
NSE:INDSWFTLAB,63.05,63.1,-0.08
NSE:NEULANDLAB,1732.25,1823.4,-5
NSE:LAXMIMACH,9160.5,9032.8,1.41
NSE:PENINLAND,12.1,12.1,0
NSE:CAPLIPOINT,912.7,907.8,0.54
NSE:LFIC,80.5,79.75,0.94
NSE:LCCINFOTEC,1.85,1.9,-2.63
NSE:INOXLEISUR,417.05,415.4,0.4
NSE:LGBBROSLTD,514,494.3,3.99
NSE:SUVEN,115.3,117.3,-1.71
NSE:SONATSOFTW,934.3,934.5,-0.02
NSE:RPGLIFE,656,669.6,-2.03
NSE:MOTHERSUMI,243.15,246.55,-1.38
NSE:MCLEODRUSS,30.4,29.6,2.7
NSE:COUNCODOS,3.5,3.6,-2.78
NSE:COROMANDEL,872.4,863.2,1.07
NSE:MOIL,172.55,168.9,2.16
NSE:SYMPHONY,1083.8,1072.4,1.06
NSE:NECLIFE,30.65,30.4,0.82
NSE:PHOENIXLTD,985,977.65,0.75
NSE:MAJESCO,92,91.45,0.6
NSE:MANGTIMBER,17.6,17.75,-0.85
NSE:BANCOINDIA,194.35,195.5,-0.59
NSE:UPL,755,747.85,0.96
NSE:INDUSINDBK,1223,1210,1.07
NSE:GRAVITA,207.5,206.4,0.53
NSE:CASTEXTECH,0.8,0.75,6.67
NSE:PUNJLLOYD,1.9,1.85,2.7
NSE:PETRONET,235.65,230.5,2.23
NSE:SICAL,21.6,19.65,9.92
NSE:PATINTLOG,22.95,22.75,0.88
NSE:SHREYAS,387.95,391.65,-0.94
NSE:LOVABLE,134.5,134.8,-0.22
NSE:LOKESHMACH,52.1,52.35,-0.48
NSE:SNOWMAN,43.9,42.9,2.33
NSE:VRLLOG,396.5,385.05,2.97
NSE:SAKHTISUG,15.3,15.85,-3.47
NSE:PRIMESECU,121.85,116.05,5
NSE:INFOMEDIA,4.25,4.05,4.94
NSE:TVSMOTOR,582.1,583.8,-0.29
NSE:TTML,55.65,53,5
NSE:TRF,160.1,158.8,0.82
NSE:TITAN,2656,2564.05,3.59
NSE:TIJARIA,7.2,7.25,-0.69
NSE:TI,48.4,46.1,4.99
NSE:THERMAX,1410.2,1387.7,1.62
NSE:TATAMTRDVR,266.1,247.65,7.45
NSE:TATACOMM,1487.25,1440,3.28
NSE:TAKE,51.6,51.65,-0.1
NSE:SURANASOL,24.45,23.3,4.94
NSE:LUXIND,3812.05,3755.15,1.52
NSE:LUMAXIND,1449.95,1455.45,-0.38
NSE:MTNL,20,19.85,0.76
NSE:MASTEK,3293.75,3225.85,2.1
NSE:MARKSANS,69.65,70,-0.5
NSE:MALUPAPER,36.65,36.7,-0.14
NSE:MANINDS,115.05,113,1.81
NSE:MARICO,583.05,579.3,0.65
NSE:M&MFIN,187.8,185.2,1.4
NSE:MANAKSTEEL,33.1,31.75,4.25
NSE:MANINFRA,111.9,110.05,1.68
NSE:MBLINFRA,22.5,22.05,2.04
NSE:MCDHOLDING,84.15,80.15,4.99
NSE:SAMBHAAV,3,2.9,3.45
NSE:RADAAN,1.45,1.45,0
NSE:PRECOT,251.8,253.7,-0.75
NSE:POLYMED,961.6,992.55,-3.12
NSE:MEP,26.8,26.9,-0.37
NSE:SHILPAMED,625.55,638.95,-2.1
NSE:MELSTAR,3.65,3.55,2.82
NSE:RATNAMANI,2211.35,2211.35,0
NSE:INDRAMEDCO,79.95,80.05,-0.12
NSE:MFSL,999.9,988.25,1.18
NSE:MHRIL,247.75,242.8,2.04
NSE:MIRZAINT,65.3,64.2,1.71
NSE:20MICRONS,63.1,62.35,1.2
NSE:MINDACORP,134.25,133.25,0.75
NSE:SARDAEN,833,770.25,8.15
NSE:MMTC,48.2,47.1,2.34
NSE:MORARJEE,18.9,19.3,-2.07
NSE:MOHITIND,12.35,12.35,0
NSE:MOLDTKPAC,708.55,730.05,-2.95
NSE:SHARDAMOTR,670,691.35,-3.09
NSE:SANGHVIMOV,201.05,203.5,-1.2
NSE:MPHASIS,3370.35,3266.6,3.18
NSE:MPSLTD,684.25,691.6,-1.06
NSE:MRO-TEK,67.4,64.2,4.98
NSE:MSPL,9.9,9.9,0
NSE:SHREERAMA,14.05,13.85,1.44
NSE:SUNDARAM,2,2,0
NSE:3RDROCK,64.6,64.6,0
NSE:MUKANDLTD,144,141.95,1.44
NSE:MUNJALSHOW,139.05,137.65,1.02
NSE:MUTHOOTCAP,406.05,406.95,-0.22
NSE:MUKANDENGG,26.25,26.25,0
NSE:NAVKARCORP,43.05,42.7,0.82
NSE:NATCOPHARM,891.1,889.85,0.14
NSE:NSIL,1866,1805.05,3.38
NSE:NAHARSPING,454.75,433.1,5
NSE:NAGREEKCAP,7.85,7.95,-1.26
NSE:PNB,44.75,42.55,5.17
NSE:NAHARINDUS,116.5,113.95,2.24
NSE:TNPL,140.5,141.25,-0.53
NSE:NCC,83.3,81.5,2.21
NSE:NDTV,82.7,82.55,0.18
NSE:SUNTV,556.1,554.45,0.3
NSE:NESCO,674.05,667,1.06
NSE:RAJTV,36.45,36.05,1.11
NSE:NETWORK18,88.7,78.75,12.63
NSE:NESTLEIND,19379.15,19325.4,0.28
NSE:NEXTMEDIA,6,5.85,2.56
NSE:TVTODAY,297.05,289.2,2.71
NSE:DEN,54.3,53.3,1.88
NSE:SMARTLINK,115,114.45,0.48
NSE:SETFNN50,466.3,461.68,1
NSE:SETFNIF50,188.21,186.5,0.92
NSE:NITINSPIN,229.4,218.5,4.99
NSE:DEEPAKNTR,2915.1,2897.8,0.6
NSE:NIPPOBATRY,1030,1036,-0.58
NSE:NILAINFRA,6.65,6.95,-4.32
NSE:NILKAMAL,2689.8,2677.55,0.46
NSE:SETFNIFBK,396.65,392.28,1.11
NSE:NITCO,25.5,25.5,0
NSE:TECHIN,6.45,6.65,-3.01
NSE:NKIND,42.7,41.3,3.39
NSE:GRINDWELL,1564.65,1466.95,6.66
NSE:DENORA,341.8,339.15,0.78
NSE:OCCL,1075,1077.95,-0.27
NSE:SCI,143.2,142,0.85
NSE:TINPLATE,339.6,333.35,1.87
NSE:STCINDIA,112.65,109.7,2.69
NSE:SAIL,128.8,124.2,3.7
NSE:BANKBARODA,91.45,88.75,3.04
NSE:TFCILTD,74,73.1,1.23
NSE:OILCOUNTUB,10.6,11.15,-4.93
NSE:SOTL,1506.9,1494.95,0.8
NSE:OMKARCHEM,25.95,24.75,4.85
NSE:ORIENTALTL,9.1,9.05,0.55
NSE:ORIENTLTD,75,73.85,1.56
NSE:ORIENTPPR,34.7,33.75,2.81
NSE:ORTEL,1.35,1.35,0
NSE:ORICONENT,29.2,29.3,-0.34
NSE:ORISSAMINE,2893,2856.35,1.28
NSE:GREENPOWER,4.9,4.7,4.26
NSE:VINATIORGA,2053.9,2077.75,-1.15
NSE:ORIENTHOT,41.25,39,5.77
NSE:MARALOVER,82.8,85.75,-3.44
NSE:PRADIP,1.15,1.1,4.55
NSE:PAGEIND,38097.5,37370.3,1.95
NSE:PARSVNATH,16.2,16.35,-0.92
NSE:PATSPINLTD,9.25,9.4,-1.6
NSE:SHALPAINTS,96.65,97.05,-0.41
NSE:PARACABLES,13.4,13.5,-0.74
NSE:PANAMAPET,276,274.55,0.53
NSE:STARPAPER,150.95,150.8,0.1
NSE:PBAINFRA,11.5,11.65,-1.29
NSE:PDMJEPAPER,44.2,43.3,2.08
NSE:SPIC,51.85,51.75,0.19
NSE:LINCPEN,248.1,247.15,0.38
NSE:PEARLPOLY,16,15.75,1.59
NSE:PENIND,31.5,29.8,5.7
NSE:SUPPETRO,768.95,744.35,3.3
NSE:CHENNPETRO,138.65,134,3.47
NSE:PERSISTENT,4159.65,4212,-1.24
NSE:TNPETRO,131.5,132,-0.38
NSE:MANALIPETC,125.9,125.75,0.12
NSE:PFIZER,5523.45,5537.6,-0.26
NSE:SMSPHARMA,148,148.75,-0.5
NSE:TORNTPHARM,3100.25,3130.4,-0.96
NSE:BALPHARMA,105,104.15,0.82
NSE:LINCOLN,382,380.3,0.45
NSE:PIIND,3340.5,3314.25,0.79
NSE:PILANIINVS,2015,2012.05,0.15
NSE:SRIPIPES,212.35,209.95,1.14
NSE:PIDILITIND,2488.5,2481.1,0.3
NSE:TEXMOPIPES,52.2,52.15,0.1
NSE:PLASTIBLEN,268.45,270.65,-0.81
NSE:PNCINFRA,374.8,377.5,-0.72
NSE:PONNIERODE,246,242.15,1.59
NSE:PREMIERPOL,71.95,68.7,4.73
NSE:POLYPLEX,1923.4,1834.95,4.82
NSE:HONDAPOWER,1406.2,1398.35,0.56
NSE:RPOWER,16.95,16.15,4.95
NSE:VARDMNPOLY,23.05,23.3,-1.07
NSE:TORNTPOWER,521.7,515.4,1.22
NSE:RTNPOWER,4.45,4.4,1.14
NSE:SEPOWER,11.65,11.1,4.95
NSE:POWERMECH,1075,1038.05,3.56
NSE:VIVIDHA,0.75,0.75,0
NSE:SPYL,0.75,0.75,0
NSE:CAREERP,158.35,156.15,1.41
NSE:TATAPOWER,255.95,222.6,14.98
NSE:TDPOWERSYS,372.25,340.65,9.28
NSE:PREMIER,4.05,3.9,3.85
NSE:PURVA,141,136.9,2.99
NSE:TTKPRESTIG,8860,8805.4,0.62
NSE:PRAKASHSTL,2.45,2.25,8.89
NSE:PSB,19.25,18.55,3.77
NSE:PTC,135,133.4,1.2
NSE:PTL,51,49.85,2.31
NSE:SHAKTIPUMP,824,800.5,2.94
NSE:PVR,1735,1713.8,1.24
NSE:PVP,6.1,5.85,4.27
NSE:RANASUG,28.9,28.45,1.58
NSE:RAMKY,157.2,158.9,-1.07
NSE:RAJVIR,8.5,8.1,4.94
NSE:INGERRAND,1186.4,1175,0.97
NSE:RAMASTEEL,274.05,279.7,-2.02
NSE:RAJRAYON,0.45,0.45,0
NSE:RAYMOND,463.3,461.75,0.34
NSE:RAMSARUP,1.3,1.35,-3.7
NSE:INDORAMA,52.7,52.15,1.05
NSE:RALLIS,320.5,313.75,2.15
NSE:RAMCOIND,303.25,298.15,1.71
NSE:RANEENGINE,300.9,298.1,0.94
NSE:SRHHYPOLTD,354.35,354.7,-0.1
NSE:RANEHOLDIN,599.6,597.5,0.35
NSE:RML,411.9,411.35,0.13
NSE:RAIN,243.7,239.7,1.67
NSE:RAMCOSYS,478.55,472.05,1.38
NSE:RMCL,2.05,2.1,-2.38
NSE:RCOM,3.2,3.15,1.59
NSE:RIIL,743.3,736.5,0.92
NSE:REDINGTON,155.05,153.25,1.17
NSE:RICOAUTO,47.4,47.45,-0.11
NSE:ROLTA,5.7,5.65,0.88
NSE:SURYAROSNI,708.3,704.8,0.5
NSE:ROSSELLIND,166.95,170.5,-2.08
NSE:RPPINFRA,64.1,62.75,2.15
NSE:RSYSTEMS,223.3,220.3,1.36
NSE:RSSOFTWARE,36.85,36.7,0.41
NSE:RSWM,360.95,354,1.96
NSE:RUCHIRA,87.85,87.45,0.46
NSE:RUSHIL,253.95,253.45,0.2
NSE:RUPA,494,491.3,0.55
NSE:RUBYMILLS,307,291.2,5.43
NSE:RUCHINFRA,7.1,6.95,2.16
NSE:HOTELRUGBY,2.95,2.85,3.51
NSE:SANGHIIND,68.75,68.8,-0.07
NSE:SAKSOFT,1071.4,1088.5,-1.57
NSE:SAREGAMA,4337,4337.5,-0.01
NSE:SANDESH,794.35,787.9,0.82
NSE:SANGAMIND,222.2,211.65,4.98
NSE:THOMASCOTT,18.05,18.05,0
NSE:MAHSCOOTER,4774.55,4751.9,0.48
NSE:SEQUENT,217,220.65,-1.65
NSE:MAHSEAMLES,517.3,487.5,6.11
NSE:INVENTURE,2.65,2.55,3.92
NSE:SHYAMTEL,10.6,10.25,3.41
NSE:SHOPERSTOP,280.9,277.8,1.12
NSE:SHIVAMAUTO,30.65,32.1,-4.52
NSE:LIBERTSHOE,181.75,179.9,1.03
NSE:RENUKA,30,29.75,0.84
NSE:STAR,584.6,592.65,-1.36
NSE:SHREYANIND,130.1,128.55,1.21
NSE:SIMBHALS,29.7,29.5,0.68
NSE:SIYSIL,425.05,419.95,1.21
NSE:SILINV,336,334.25,0.52
NSE:SINTEX,4.55,4.35,4.6
NSE:SIL,14.8,15,-1.33
NSE:SIMPLEXINF,44.95,44.65,0.67
NSE:SJVN,29.25,28.35,3.17
NSE:SKIPPER,80.75,81.55,-0.98
NSE:SKIL,4.6,4.45,3.37
NSE:SOLARINDS,2681.85,2532.45,5.9
NSE:COMPUSOFT,16.5,17.35,-4.9
NSE:CALSOFT,35.8,34.1,4.99
NSE:SOBHA,835.5,826.75,1.06
NSE:AURIONPRO,222,213.4,4.03
NSE:SOMATEX,8.15,7.85,3.82
NSE:SPMLINFRA,11.1,10.8,2.78
NSE:SPENTEX,1.35,1.35,0
NSE:SPECIALITY,90.45,93.7,-3.47
NSE:SPLIL,46.5,46.15,0.76
NSE:VSSL,269.15,263.15,2.28
NSE:SRF,2382.8,2410.9,-1.17
NSE:SREEL,183.65,178.25,3.03
NSE:SREINFRA,5.6,5.85,-4.27
NSE:TVSSRICHAK,2520.05,2546.25,-1.03
NSE:VISASTEEL,13.75,13.1,4.96
NSE:STERTOOLS,204.5,205.6,-0.54
NSE:STEL,172.65,172.8,-0.09
NSE:SUPREMEINF,18.55,19.5,-4.87
NSE:SUZLON,7.35,7.05,4.26
NSE:SUNTECK,506.35,509.55,-0.63
NSE:SUMEETINDS,8.7,8.7,0
NSE:SUNCLAYLTD,3744.75,3671.95,1.98
NSE:SUPRAJIT,396.4,380.25,4.25
NSE:SUPERHOUSE,185.45,185.55,-0.05
NSE:SUMMITSEC,764,766.15,-0.28
NSE:MAWANASUG,89.65,89.2,0.5
NSE:SUPREMEIND,2615,2578.2,1.43
NSE:SUPERSPIN,13.1,12.95,1.16
NSE:SURYALAXMI,66.5,63.4,4.89
NSE:UTTAMSUGAR,190.15,190.55,-0.21
NSE:SWANENERGY,133.65,131.5,1.63
NSE:SWELECTES,275.3,280.55,-1.87
NSE:SYNGENE,615.75,612.75,0.49
NSE:BANSWRAS,197.7,195.55,1.1
NSE:PRAENG,19.45,19.65,-1.02
NSE:TALBROAUTO,287,289,-0.69
NSE:TATAMETALI,1093.55,1076.6,1.57
NSE:TARMAT,67.3,68.55,-1.82
NSE:TNTELE,9.6,9.55,0.52
NSE:TATAINVEST,1688.05,1668.75,1.16
NSE:TANTIACONS,7.15,7.35,-2.72
NSE:TATACOFFEE,236.7,230.45,2.71
NSE:TANLA,942,922.45,2.12
NSE:TARAPUR,4,4,0
NSE:TEAMLEASE,4950,4982.45,-0.65
NSE:TIIL,888,903.85,-1.75
NSE:TFL,6.2,6.05,2.48
NSE:INDOTHAI,94.3,92.7,1.73
NSE:TIMETECHNO,74.7,75.95,-1.65
NSE:TIL,182,181.95,0.03
NSE:TIMKEN,1835.75,1843.6,-0.43
NSE:TIPSINDLTD,1434.95,1389.15,3.3
NSE:TWL,100.05,101.1,-1.04
NSE:TOKYOPLAST,102.8,104.4,-1.53
NSE:TPLPLASTEH,174.75,172.9,1.07
NSE:TRIL,30.65,30.05,2
NSE:TRIVENI,210.05,201.2,4.4
NSE:TTL,76.75,77.85,-1.41
NSE:TRITURBINE,166.5,168.55,-1.22
NSE:UCOBANK,14.55,14.3,1.75
NSE:UJAAS,3.45,3.3,4.55
NSE:CARBORUNIV,902.55,883.1,2.2
NSE:UNIVCABLES,177,175.65,0.77
NSE:MAYURUNIQ,481.9,478.15,0.78
NSE:VTL,2052.9,2033.05,0.98
NSE:VAKRANGEE,43.75,44.3,-1.24
NSE:WABAG,345.55,344.7,0.25
NSE:VENUSREM,468.05,412.6,13.44
NSE:VENKEYS,3148.85,3183.4,-1.09
NSE:VEDL,364.15,331.9,9.72
NSE:VGUARD,263.6,262.9,0.27
NSE:VISESHINFO,0.25,0.2,25
NSE:VINDHYATEL,1189.2,1191.25,-0.17
NSE:VICEROY,4.4,4.2,4.76
NSE:VISHNU,719,730.95,-1.63
NSE:VIPULLTD,30.7,30.05,2.16
NSE:WALCHANNAG,55.2,54.05,2.13
NSE:WELCORP,150.1,147.7,1.62
NSE:WEIZMANIND,58.15,61.2,-4.98
NSE:WHEELS,792,791.05,0.12
NSE:PRECWIRE,257.45,254.7,1.08
NSE:INOXWIND,129.95,129.1,0.66
NSE:WINDMACHIN,32.8,33.05,-0.76
NSE:WSI,7.55,7.2,4.86
NSE:AUSOMENT,66.9,66.25,0.98
NSE:AUTOIND,61.05,62.3,-2.01
NSE:HONAUT,44450,44648.7,-0.45
NSE:BAJAJFINSV,18982.9,18488.9,2.67
NSE:BALAJITELE,66.7,66.05,0.98
NSE:BALRAMCHIN,380.05,378.1,0.52
NSE:BALKRISIND,2607.6,2596,0.45
NSE:INDBANK,25.55,25.05,2
NSE:BARTRONICS,4.05,4,1.25
NSE:BATAINDIA,2174.3,2118.15,2.65
NSE:BEARDSELL,14.1,14.35,-1.74
NSE:BRIGADE,460.25,461.95,-0.37
NSE:BRITANNIA,3896.25,3894.85,0.04
NSE:FINCABLES,491.75,490.55,0.24
NSE:CORDSCABLE,58,57.95,0.09
NSE:PRECAM,108.55,110.15,-1.45
NSE:CANTABIL,600,605.4,-0.89
NSE:CANFINHOME,708.3,699.5,1.26
NSE:RELCAPITAL,22.25,22.05,0.91
NSE:MANGCHEFER,74.6,74.15,0.61
NSE:COALINDIA,185.9,183.8,1.14
NSE:MANAKCOAT,18.55,18.5,0.27
NSE:COLPAL,1686.65,1681.2,0.32
NSE:THOMASCOOK,82.6,80.6,2.48
NSE:COSMOFILMS,1655,1638.35,1.02
NSE:DELTAMAGNT,70.5,70.7,-0.28
NSE:INDOWIND,9.05,8.9,1.69
NSE:ENGINERSIN,79.3,77.85,1.86
NSE:TECHNOFAB,6.15,6.4,-3.91
NSE:FIEMIND,1277.85,1266.4,0.9
NSE:FINPIPE,229.7,228.3,0.61
NSE:L&TFH,95,94.35,0.69
NSE:REPCOHOME,324.55,324.15,0.12
NSE:MANAPPURAM,199.4,195.3,2.1
NSE:GRASIM,1782.4,1752.5,1.71
NSE:GRAPHITE,602.85,602,0.14
NSE:GREENLAM,1396.2,1404.1,-0.56
NSE:GREENPLY,205.2,195.45,4.99
NSE:GRPLTD,961.5,963.15,-0.17
NSE:INDHOTEL,232.4,229.55,1.24
NSE:HOVS,56.85,56.6,0.44
NSE:REMSONSIND,245,239.05,2.49
NSE:3MINDIA,25949.9,26013.1,-0.24
NSE:INSECTICID,705.7,706.8,-0.16
NSE:LINDEINDIA,2605.7,2608.4,-0.1
NSE:RESPONIND,125.65,126.4,-0.59
NSE:INDOSOLAR,3.05,2.95,3.39
NSE:INFY,1764.1,1715.75,2.82
NSE:V2RETAIL,202.7,193.05,5
NSE:LICNETFN50,196.99,193.68,1.71
NSE:SADBHIN,17.35,16.9,2.66
NSE:TEXINFRA,59.05,59.3,-0.42
NSE:LICNETFGSC,23.27,23.03,1.04
NSE:3IINFOTECH,84.5,8.45,900
NSE:SANOFI,8220,8161.65,0.71
NSE:TRIDENT,40.35,38.45,4.94
NSE:MERCATOR,1.75,1.75,0
NSE:MADHUCON,5.65,5.6,0.89
NSE:M&M,928.95,931.4,-0.26
NSE:MANAKSIA,69.25,66.95,3.44
NSE:MANUGRAPH,12.35,12.45,-0.8
NSE:THEMISMED,994,988.9,0.52
NSE:PAEL,7,7,0
NSE:PRAKASH,75.7,75.75,-0.07
NSE:PROZONINTU,29.8,30.2,-1.32
NSE:REFEX,146.5,147.9,-0.95
NSE:REPRO,566,561,0.89
NSE:SEAMECLTD,1235,1214.2,1.71
NSE:INDOTECH,176,174.3,0.98
NSE:INDSWFTLTD,15.85,15.1,4.97
NSE:UTISENSETF,649.61,640.48,1.43
NSE:RELNV20,NaN,NaN,NaN
NSE:N100,NaN,NaN,NaN
NSE:GOLDSHARE,41.35,41.7,-0.84
NSE:LICNFENGP,NaN,NaN,NaN
NSE:KOTAKBKETF,400.85,396.49,1.1
NSE:IDBIGOLD,4370,4414.9,-1.02
NSE:RELIGAREGO,NaN,NaN,NaN
NSE:IDBIGOLD-EQ,NaN,NaN,NaN
NSE:HDFCMFGETF,42.22,42.56,-0.8
NSE:RELCNX100,NaN,NaN,NaN
NSE:IGOLD,NaN,NaN,NaN
NSE:RELCONS,NaN,NaN,NaN
NSE:HDFCNIFETF,196.84,194.96,0.96
NSE:HDFCSENETF,663.8,652.5,1.73
NSE:ICNX100,NaN,NaN,NaN
NSE:IPGETF,NaN,NaN,NaN
NSE:RELBANK,NaN,NaN,NaN
NSE:M100-EQ,NaN,NaN,NaN
NSE:UTINIFTETF,1935.01,1935.83,-0.04
NSE:RELNIFTY,NaN,NaN,NaN
NSE:KOTAKPSUBK,271.11,266.31,1.8
NSE:KOTAKNV20,102.15,100.84,1.3
NSE:RELGRNIFTY-EQ,NaN,NaN,NaN
NSE:EUROMULTI,1.45,1.4,3.57
NSE:EUROMULTI-BE,NaN,NaN,NaN
NSE:EUROMULTI-EQ,NaN,NaN,NaN
NSE:EVEREADY,382.95,384.55,-0.42
NSE:EVERESTIND,454.8,443.65,2.51
NSE:TULSI,NaN,NaN,NaN
NSE:EXIDEIND,187.4,186,0.75
NSE:GOLDBEES-EQ,NaN,NaN,NaN
NSE:EXCELINFO,NaN,NaN,NaN
NSE:HINDOILEXP,198.6,196.55,1.04
NSE:RAJESHEXPO-EQ,NaN,NaN,NaN
NSE:EXCELINDUS,1080.1,1066.85,1.24
NSE:NORBTEAEXP,7.3,7.3,0
NSE:NAGREEKEXP,31.85,32.85,-3.04
NSE:EXCEL-EQ,NaN,NaN,NaN
NSE:NAGREEKEXP-EQ,NaN,NaN,NaN
NSE:MCX-IL,NaN,NaN,NaN
NSE:NUCLEUS,593.1,593.7,-0.1
NSE:ORBTEXP,81.65,79.75,2.38
NSE:SELAN,164.45,161.1,2.08
NSE:KABRAEXTRU-EQ,NaN,NaN,NaN
NSE:IGOLD-EQ,NaN,NaN,NaN
NSE:KEMROCK,NaN,NaN,NaN
NSE:RAJESHEXPO,647.5,646.6,0.14
NSE:EXIDEIND-EQ,NaN,NaN,NaN
NSE:EXCEL,3.2,3.1,3.23
NSE:KABRAEXTRU,246.5,249.35,-1.14
NSE:SAKUMA,10.5,10.5,0
NSE:GOKEX,228.05,221.25,3.07
NSE:LOTUSEYE-EQ,NaN,NaN,NaN
NSE:PDSMFL,1389.75,1276.2,8.9
NSE:FARMAXIND,NaN,NaN,NaN
NSE:INDTERRAIN-EQ,NaN,NaN,NaN
NSE:MONTECARLO,392.75,392.05,0.18
NSE:PFRL-EQ,NaN,NaN,NaN
NSE:FARMAXIND-BE,NaN,NaN,NaN
NSE:PDSMFL-EQ,NaN,NaN,NaN
NSE:SUNDRMFAST,936.55,939.75,-0.34
NSE:INDTERRAIN,48.1,47.9,0.42
NSE:MONTECARLO-EQ,NaN,NaN,NaN
NSE:FLFL,64.1,64.05,0.08
NSE:FLFL-EQ,NaN,NaN,NaN
NSE:FCSSOFT-EQ,NaN,NaN,NaN
NSE:FCSSOFT,1.6,1.55,3.23
NSE:FCEL-EQ,NaN,NaN,NaN
NSE:FCL,124.9,124.45,0.36
NSE:FDC,356.5,354.1,0.68
NSE:RELCNX100-EQ,NaN,NaN,NaN
NSE:FDC-EQ,NaN,NaN,NaN
NSE:FMGOETZE,277.45,279,-0.56
NSE:UTIFEFRGR1-MF,NaN,NaN,NaN
NSE:FEDERALBNK,96.25,93.1,3.38
NSE:GSFC,137.05,136.2,0.62
NSE:SHREEPUSHK,240.3,238.8,0.63
NSE:FEDERALBNK-EQ,NaN,NaN,NaN
NSE:ROHITFERRO,11.7,11.15,4.93
NSE:MADRASFERT-EQ,NaN,NaN,NaN
NSE:FEDDERLOYD,NaN,NaN,NaN
NSE:IMPEXFERRO,1.2,1.2,0
NSE:SHREEPUSHK-BE,NaN,NaN,NaN
NSE:SHREEPUSHK-EQ,NaN,NaN,NaN
NSE:CHAMBLFERT,388.55,383.35,1.36
NSE:NFL,59.35,59.35,0
NSE:ROHITFERRO-EQ,NaN,NaN,NaN
NSE:MADRASFERT,31.35,30.9,1.46
NSE:SRTRANSFI,NaN,NaN,NaN
NSE:SRTRANSFIN,1413.95,1383.55,2.2
NSE:SARLAPOLY,56.2,55.6,1.08
NSE:NAHARPOLY-EQ,NaN,NaN,NaN
NSE:INDUSFILA,NaN,NaN,NaN
NSE:IBULHSGFIN,247.8,237.5,4.34
NSE:FSL,216.65,217.6,-0.44
NSE:FINANTECH,NaN,NaN,NaN
NSE:INDUSFILA-BE,NaN,NaN,NaN
NSE:FINCABLES-EQ,NaN,NaN,NaN
NSE:LFIC-BE,NaN,NaN,NaN
NSE:CONSOFINVT-EQ,NaN,NaN,NaN
NSE:GICHSGFIN,161.55,159,1.6
NSE:CAMLINFINE,189.3,187.6,0.91
NSE:CONSOFINVT,168.85,167.25,0.96
NSE:JMFINANCIL,95.8,93.95,1.97
NSE:SUNDARMFIN,2465,2454.65,0.42
NSE:LAKSHMIFIN-BE,NaN,NaN,NaN
NSE:NAHARCAP,296.1,290.4,1.96
NSE:OFSS-EQ,NaN,NaN,NaN
NSE:FIEMIND-EQ,NaN,NaN,NaN
NSE:L&TFH-EQ,NaN,NaN,NaN
NSE:GLFL,3.2,2.95,8.47
NSE:GINNIFILA-EQ,NaN,NaN,NaN
NSE:GUJSTATFIN-BT,NaN,NaN,NaN
NSE:FILATEX,117.85,115.55,1.99
NSE:TCIFINANCE,5.3,5.3,0
NSE:NAHARPOLY,248.55,242.8,2.37
NSE:FINANTECH-EQ,NaN,NaN,NaN
NSE:NITINFIRE,1.2,1.25,-4
NSE:PFC-EQ,NaN,NaN,NaN
NSE:GICHSGFIN-EQ,NaN,NaN,NaN
NSE:MOTILALOFS,916.45,906.55,1.09
NSE:NAVINFLUOR-EQ,NaN,NaN,NaN
NSE:GUJFLUORO,NaN,NaN,NaN
NSE:NAVINFLUOR,3974.95,3934.25,1.03
NSE:FLEXITUFF,18.5,17.5,5.71
NSE:LTMFXTG-MF,NaN,NaN,NaN
NSE:FMNL,10.55,10.55,0
NSE:FMNL-EQ,NaN,NaN,NaN
NSE:SGFL,NaN,NaN,NaN
NSE:MMFL,921.1,885.35,4.04
NSE:FOSECOIND,1481.95,1486.6,-0.31
NSE:FORTIS,266.55,274.45,-2.88
NSE:FORTIS-EQ,NaN,NaN,NaN
NSE:HINDUJAFO,NaN,NaN,NaN
NSE:ADFFOODS,967,958.3,0.91
NSE:RKFORGE,1178.45,1163.35,1.3
NSE:METALFORGE-EQ,NaN,NaN,NaN
NSE:LGBFORGE-EQ,NaN,NaN,NaN
NSE:HERITGFOOD,478.25,473.45,1.01
NSE:KALYANIFRG-BE,NaN,NaN,NaN
NSE:METALFORGE,5.55,5.4,2.78
NSE:KALYANIFRG-EQ,NaN,NaN,NaN
NSE:PFOCUS-EQ,NaN,NaN,NaN
NSE:PFOCUS,91.65,87.3,4.98
NSE:RELAXO-EQ,NaN,NaN,NaN
NSE:RELAXO,1380.6,1352.1,2.11
NSE:SITASHREE-EQ,NaN,NaN,NaN
NSE:KOHINOOR-EQ,NaN,NaN,NaN
NSE:HERITGFOOD-EQ,NaN,NaN,NaN
NSE:HILTON,13.75,13.1,4.96
NSE:KOHINOOR,NaN,NaN,NaN
NSE:VIMALOIL-EQ,NaN,NaN,NaN
NSE:MMFL-EQ,NaN,NaN,NaN
NSE:LGBFORGE,6.85,6.55,4.58
NSE:SITASHREE-BE,NaN,NaN,NaN
NSE:VIMALOIL,NaN,NaN,NaN
NSE:SGFL-EQ,NaN,NaN,NaN
NSE:SGFL-BE,NaN,NaN,NaN
NSE:KALYANIFRG,200.9,199.65,0.63
NSE:FRL,NaN,NaN,NaN
NSE:FRL-EQ,NaN,NaN,NaN
NSE:HFCL,81.5,78.95,3.23
NSE:SC2RD-MF,NaN,NaN,NaN
NSE:UCALFUEL,161.05,161.55,-0.31
NSE:UTRGESSRGR-MF,NaN,NaN,NaN
NSE:FRLDVR-EQ,NaN,NaN,NaN
NSE:HRGESSRG2-MF,NaN,NaN,NaN
NSE:RELNIFTY-EQ,NaN,NaN,NaN
NSE:UTCPOSRGR1-MF,NaN,NaN,NaN
NSE:RD366D38RG-MF,NaN,NaN,NaN
NSE:HCPO36MSRG-MF,NaN,NaN,NaN
NSE:SMCSRIIIRD-MF,NaN,NaN,NaN
NSE:HCPO36MORG-MF,NaN,NaN,NaN
NSE:FRLDVR,NaN,NaN,NaN
NSE:ISENSEX-EQ,NaN,NaN,NaN
NSE:IGL,506,509.8,-0.75
NSE:GABRIEL,155.75,156.25,-0.32
NSE:GALLISPAT,53.55,53.05,0.94
NSE:GATI,149,146.65,1.6
NSE:GUJGASLTD-EQ,NaN,NaN,NaN
NSE:GUJGASLTD,645.5,628.8,2.66
NSE:GARDENSIL,NaN,NaN,NaN
NSE:GAIL-EQ,NaN,NaN,NaN
NSE:GAMMNINFRA-EQ,NaN,NaN,NaN
NSE:GUJGASLTD-BE,NaN,NaN,NaN
NSE:KITEX-EQ,NaN,NaN,NaN
NSE:GAMMNINFRA,NaN,NaN,NaN
NSE:GANDHITUBE,442,438.95,0.69
NSE:SVOGL-EQ,NaN,NaN,NaN
NSE:GALLANTT-EQ,NaN,NaN,NaN
NSE:ONGC-EQ,NaN,NaN,NaN
NSE:GAMMONIND,NaN,NaN,NaN
NSE:ONGC,163.7,159.05,2.92
NSE:GARDENSILK,NaN,NaN,NaN
NSE:SGJHL,NaN,NaN,NaN
NSE:GANGOTRI-EQ,NaN,NaN,NaN
NSE:INTEGRA,4.5,4.6,-2.17
NSE:GANESHHOUC-EQ,NaN,NaN,NaN
NSE:SHIV-VANI,NaN,NaN,NaN
NSE:INTEGRA-EQ,NaN,NaN,NaN
NSE:GANGOTRI,1.15,1.1,4.55
NSE:GAYAPROJ,49.55,49.3,0.51
NSE:GARWALLROP-EQ,NaN,NaN,NaN
NSE:GARWALLROP,NaN,NaN,NaN
NSE:UPERGANGES,NaN,NaN,NaN
NSE:GALLISPAT-EQ,NaN,NaN,NaN
NSE:INTEGRA-BE,NaN,NaN,NaN
NSE:GALLANTT,78.95,80.45,-1.86
NSE:GANGOTRI-BE,NaN,NaN,NaN
NSE:GENUSPOWER,87.45,83.4,4.86
NSE:GEMINI,NaN,NaN,NaN
NSE:LYPSAGEMS,5.4,5.6,-3.57
NSE:GEINDSYS,NaN,NaN,NaN
NSE:GENUSPOWER-EQ,NaN,NaN,NaN
NSE:GENESYS,281.25,293.95,-4.32
NSE:GEOMETRIC,NaN,NaN,NaN
NSE:GENUSPAPER-BE,NaN,NaN,NaN
NSE:SHANTIGEAR,164.05,163.9,0.09
NSE:MOTOGENFIN,25.7,25.5,0.78
NSE:MOTOGENFIN-BE,NaN,NaN,NaN
NSE:MOTOGENFIN-EQ,NaN,NaN,NaN
NSE:LYPSAGEMS-EQ,NaN,NaN,NaN
NSE:HITECHGEAR,263.4,258.1,2.05
NSE:GEMINI-EQ,NaN,NaN,NaN
NSE:GEOMETRIC-EQ,NaN,NaN,NaN
NSE:SHANTIGEAR-EQ,NaN,NaN,NaN
NSE:GITANJALI,NaN,NaN,NaN
NSE:GITANJALI-EQ,NaN,NaN,NaN
NSE:GHCL,467.35,458.35,1.96
NSE:GHCL-EQ,NaN,NaN,NaN
NSE:PNBGILTS,69.4,68.45,1.39
NSE:GIPCL,98.1,96.25,1.92
NSE:GIRRESORTS-IT,NaN,NaN,NaN
NSE:GISOLUTION-EQ,NaN,NaN,NaN
NSE:GISOLUTION-BE,NaN,NaN,NaN
NSE:GIRRESORTS-EQ,NaN,NaN,NaN
NSE:GILLETTE-EQ,NaN,NaN,NaN
NSE:GIRRESORTS,119.95,119.95,0
NSE:GINNIFILA,34.65,34.15,1.46
NSE:GISOLUTION,3.95,3.8,3.95
NSE:GILLETTE,5874.95,5832.85,0.72
NSE:GKWLIMITED-EQ,NaN,NaN,NaN
NSE:GKWLIMITED,684.2,689.25,-0.73
NSE:GLOBUSSPR,1447.6,1454.8,-0.49
NSE:GLENMARK,521.05,524.8,-0.71
NSE:GLAXO,1489.95,1481.7,0.56
NSE:SGL-EQ,NaN,NaN,NaN
NSE:INDIAGLYCO,935,931.8,0.34
NSE:GLENMARK-EQ,NaN,NaN,NaN
NSE:SEZAL-EQ,NaN,NaN,NaN
NSE:VAIBHAVGBL-EQ,NaN,NaN,NaN
NSE:SEZAL,NaN,NaN,NaN
NSE:ONMOBILE-EQ,NaN,NaN,NaN
NSE:SPHEREGSL,NaN,NaN,NaN
NSE:GLOBOFFS,NaN,NaN,NaN
NSE:SGL,16.05,16.65,-3.6
NSE:ONMOBILE,123.95,118.15,4.91
NSE:GLOBALVECT-EQ,NaN,NaN,NaN
NSE:SGL-BE,NaN,NaN,NaN
NSE:HINDNATGLS,36.3,35.8,1.4
NSE:GLODYNE-BE,NaN,NaN,NaN
NSE:GLOBALVECT,58.5,56.4,3.72
NSE:GLFL-EQ,NaN,NaN,NaN
NSE:GLODYNE-BZ,NaN,NaN,NaN
NSE:GSKCONS,NaN,NaN,NaN
NSE:SPHEREGSL-EQ,NaN,NaN,NaN
NSE:HGS,2874.95,2845.05,1.05
NSE:SEZAL-BE,NaN,NaN,NaN
NSE:GLODYNE,NaN,NaN,NaN
NSE:PGIL,308.35,311.15,-0.9
NSE:HGS-EQ,NaN,NaN,NaN
NSE:GMBREW,824.25,838.85,-1.74
NSE:GMDCLTD,77.9,78.05,-0.19
NSE:GMRINFRA-EQ,NaN,NaN,NaN
NSE:GMRINFRA,43.5,43.4,0.23
NSE:GODREJIND,575.3,569.35,1.05
NSE:GPIL,1424.5,1356.7,5
NSE:GODREJCP,1040.75,1038.7,0.2
NSE:GOKUL,27.7,27.8,-0.36
NSE:GTOFFSHORE,NaN,NaN,NaN
NSE:GOLDENTOBC,155.1,147.75,4.97
NSE:GOLDINFRA-EQ,NaN,NaN,NaN
NSE:RELIGAREGO-EQ,NaN,NaN,NaN
NSE:GOACARBON-EQ,NaN,NaN,NaN
NSE:GOLDTECH-EQ,NaN,NaN,NaN
NSE:GOCLCORP,358.75,365.85,-1.94
NSE:GOLDENTOBC-EQ,NaN,NaN,NaN
NSE:SHIRPUR-G-EQ,NaN,NaN,NaN
NSE:SHIRPUR-G,4.95,5.2,-4.81
NSE:SETFGOLD-EQ,NaN,NaN,NaN
NSE:GOLDINFRA,NaN,NaN,NaN
NSE:GOLDTECH,40.05,42.15,-4.98
NSE:GOLDIAM,984,958.65,2.64
NSE:SETFGOLD,4207.85,4249.5,-0.98
NSE:GOCLCORP-EQ,NaN,NaN,NaN
NSE:GODREJCP-EQ,NaN,NaN,NaN
NSE:GODREJPROP,2494.9,2502.75,-0.31
NSE:GOLDIAM-EQ,NaN,NaN,NaN
NSE:GOODLUCK,305.8,305.15,0.21
NSE:RELGOLD-EQ,NaN,NaN,NaN
NSE:GODFRYPHLP,1332,1329.95,0.15
NSE:GOODLUCK-EQ,NaN,NaN,NaN
NSE:GULFCORP-EQ,NaN,NaN,NaN
NSE:GPPL,113,113.15,-0.13
NSE:GULFPETRO-EQ,NaN,NaN,NaN
NSE:GULFPETRO,54.75,55.05,-0.54
NSE:SAHPETRO,NaN,NaN,NaN
NSE:GREAVESCOT,140.75,140.3,0.32
NSE:GRANULES,324.9,328.4,-1.07
NSE:SOFTTECHGR,NaN,NaN,NaN
NSE:INVENTURE-EQ,NaN,NaN,NaN
NSE:GSS-BE,NaN,NaN,NaN
NSE:GSS,83.6,83.65,-0.06
NSE:GTLINFRA,1.75,1.7,2.94
NSE:GTL,14.75,14.9,-1.01
NSE:GTNIND,NaN,NaN,NaN
NSE:GTL-EQ,NaN,NaN,NaN
NSE:GTNTEX,8.25,8.25,0
NSE:GTNTEX-EQ,NaN,NaN,NaN
NSE:GUJNREDVR-EQ,NaN,NaN,NaN
NSE:GULFOILLUB-EQ,NaN,NaN,NaN
NSE:GULFOILLUB,596.3,593.8,0.42
NSE:GUJNREDVR,NaN,NaN,NaN
NSE:GULPOLY,330.8,315.05,5
NSE:TIMESGTY,52.95,53.3,-0.66
NSE:GUJNRECOKE,NaN,NaN,NaN
NSE:TIMESGTY-EQ,NaN,NaN,NaN
NSE:GVKPIL,2.5,2.6,-3.85
NSE:GVKPIL-EQ,NaN,NaN,NaN
NSE:TAJGVK,153.95,147.8,4.16
NSE:HANUNG,NaN,NaN,NaN
NSE:HAVELLS-EQ,NaN,NaN,NaN
NSE:HARRMALAYA,187,187.55,-0.29
NSE:HARITASEAT,NaN,NaN,NaN
NSE:HARITASEAT-EQ,NaN,NaN,NaN
NSE:HAVELLS,1472.95,1474.1,-0.08
NSE:HBLPOWER,58.8,54.7,7.5
NSE:HBSTOCK,NaN,NaN,NaN
NSE:HBSTOCK-EQ,NaN,NaN,NaN
NSE:HCLTECH,1224.85,1251.15,-2.1
NSE:HCL-INSYS-EQ,NaN,NaN,NaN
NSE:HCG,255.55,255.95,-0.16
NSE:HCL-INSYS,14.15,13.95,1.43
NSE:HDFC-EQ,NaN,NaN,NaN
NSE:HDFCSENETF-EQ,NaN,NaN,NaN
NSE:HDFCNIFETF-EQ,NaN,NaN,NaN
NSE:HDFCBANK-IL,NaN,NaN,NaN
NSE:HEIDELBERG,258.6,255.35,1.27
NSE:TTKHLTCARE-EQ,NaN,NaN,NaN
NSE:HELIOSMATH-BZ,NaN,NaN,NaN
NSE:HECPROJECT-SM,NaN,NaN,NaN
NSE:HELIOSMATH-BE,NaN,NaN,NaN
NSE:HEG,2368,2360.25,0.33
NSE:SYNCOM-EQ,NaN,NaN,NaN
NSE:HEXATRADEX,173.45,170.8,1.55
NSE:HERCULES-EQ,NaN,NaN,NaN
NSE:HEIDELBERG-EQ,NaN,NaN,NaN
NSE:HERCULES,148.4,147.8,0.41
NSE:TTKHLTCARE,684.45,682.75,0.25
NSE:HEROMOTOCO,2933.3,2927.8,0.19
NSE:HEXAWARE-EQ,NaN,NaN,NaN
NSE:HEXAWARE,NaN,NaN,NaN
NSE:HEXATRADEX-EQ,NaN,NaN,NaN
NSE:HECINFRA-IT,NaN,NaN,NaN
NSE:HINDMOTORS,17.3,15.75,9.84
NSE:HINDPETRO-EQ,NaN,NaN,NaN
NSE:HINDCOMPOS,326.9,323.75,0.97
NSE:HMVL-EQ,NaN,NaN,NaN
NSE:HITECHPLAS,NaN,NaN,NaN
NSE:HINDMOTORS-EQ,NaN,NaN,NaN
NSE:HINDCOPPER,144.8,132.35,9.41
NSE:HIKAL,525.8,522.75,0.58
NSE:HINDCOPPER-EQ,NaN,NaN,NaN
NSE:HITECH-SM,NaN,NaN,NaN
NSE:BAJAJHIND,14.9,14.7,1.36
NSE:HITACHIHOM,NaN,NaN,NaN
NSE:SRHHYPOLTD-EQ,NaN,NaN,NaN
NSE:HOCL-EQ,NaN,NaN,NaN
NSE:HINDALCO,550.9,516.1,6.74
NSE:HINDSYNTEX,NaN,NaN,NaN
NSE:SUNILHITEC,NaN,NaN,NaN
NSE:HIKAL-EQ,NaN,NaN,NaN
NSE:SUNILHITEC-EQ,NaN,NaN,NaN
NSE:HIMATSEIDE,262.3,269.05,-2.51
NSE:HINDUNILVR-EQ,NaN,NaN,NaN
NSE:HINDSYNTEX-EQ,NaN,NaN,NaN
NSE:HOCL,NaN,NaN,NaN
NSE:BAJAJHLDNG,4767.75,4745.65,0.47
NSE:UBHOLDINGS,NaN,NaN,NaN
NSE:HMT,30.6,31.5,-2.86
NSE:PNEUMATIC-BE,NaN,NaN,NaN
NSE:NH-EQ,NaN,NaN,NaN
NSE:NH,515.6,514.8,0.16
NSE:HSIL,236.3,226.85,4.17
NSE:HSIL-EQ,NaN,NaN,NaN
NSE:HTMEDIA,26.35,26.2,0.57
NSE:INDIANHUME,204.6,203,0.79
NSE:PAPERPROD,NaN,NaN,NaN
NSE:HUSYS,NaN,NaN,NaN
NSE:HUBTOWN,38.15,36.35,4.95
NSE:IBULHSGFIN-EQ,NaN,NaN,NaN
NSE:IBVENTURES-EQ,NaN,NaN,NaN
NSE:IBVENTURES,NaN,NaN,NaN
NSE:ICICIBANK-EQ,NaN,NaN,NaN
NSE:ICNX100-EQ,NaN,NaN,NaN
NSE:INIFTY-EQ,NaN,NaN,NaN
NSE:ICSA-EQ,NaN,NaN,NaN
NSE:IPRU2317-MF,NaN,NaN,NaN
NSE:ICRA,3717.95,3575.35,3.99
NSE:ISENSEX,NaN,NaN,NaN
NSE:IPRU-8484-MF,NaN,NaN,NaN
NSE:ICSA,NaN,NaN,NaN
NSE:IDFC,55.3,54.2,2.03
NSE:IDBI-EQ,NaN,NaN,NaN
NSE:IDFC-IL,NaN,NaN,NaN
NSE:IDFCBANK-EQ,NaN,NaN,NaN
NSE:IDFCBANK-BE,NaN,NaN,NaN
NSE:IFCI,14.2,13.9,2.16
NSE:IFBIND,1172.8,1168.4,0.38
NSE:IFGLREFRAC,NaN,NaN,NaN
NSE:IFCI-EQ,NaN,NaN,NaN
NSE:IGARASHI,575.95,580.75,-0.83
NSE:IGPL-EQ,NaN,NaN,NaN
NSE:IGPL,881,875.95,0.58
NSE:IITL,73.05,74.4,-1.81
NSE:IIFL-EQ,NaN,NaN,NaN
NSE:IIFL,293.9,294.6,-0.24
NSE:IITL-EQ,NaN,NaN,NaN
NSE:IVC-EQ,NaN,NaN,NaN
NSE:IL&FSENGG,4.75,4.8,-1.04
NSE:IL&FSTRAN,NaN,NaN,NaN
NSE:IVC,6.3,6,5
NSE:IL&FSTRANS,3.85,3.95,-2.53
NSE:SIIL-SM,NaN,NaN,NaN
NSE:INDLMETER,13.4,12.85,4.28
NSE:IOB,23.05,22.7,1.54
NSE:IOC,137.65,134.4,2.42
NSE:IPCALAB-IL,NaN,NaN,NaN
NSE:IPCALAB-EQ,NaN,NaN,NaN
NSE:IPCALAB,2437.3,2422.2,0.62
NSE:IPAPPM,NaN,NaN,NaN
NSE:TATASPONGE-EQ,NaN,NaN,NaN
NSE:TATASPONGE,NaN,NaN,NaN
NSE:JISLJALEQS-EQ,NaN,NaN,NaN
NSE:SUNFLAG,86.3,83.6,3.23
NSE:ISFT-BE,NaN,NaN,NaN
NSE:ISMTLTD,36.5,34.8,4.89
NSE:ISFT,148.5,150.6,-1.39
NSE:SATHAISPAT-EQ,NaN,NaN,NaN
NSE:SMLISUZU,622.4,612.45,1.62
NSE:SATHAISPAT,3.25,3.25,0
NSE:ISMTLTD-EQ,NaN,NaN,NaN
NSE:SOUISPAT,NaN,NaN,NaN
NSE:ITC,262.25,256.55,2.22
NSE:PILIND-EQ,NaN,NaN,NaN
NSE:PILITA-EQ,NaN,NaN,NaN
NSE:PILIND,NaN,NaN,NaN
NSE:ITI,127.7,128,-0.23
NSE:PILITA,7.4,7.4,0
NSE:ITC-EQ,NaN,NaN,NaN
NSE:IVRCLINFRA,NaN,NaN,NaN
NSE:IVRCLINFRA-EQ,NaN,NaN,NaN
NSE:IVP,118,114,3.51
NSE:IZMO-EQ,NaN,NaN,NaN
NSE:IZMO,96.3,96.75,-0.47
NSE:JAGSNPHARM,163.75,151,8.44
NSE:JAINSTUDIO-BE,NaN,NaN,NaN
NSE:JAINSTUDIO,2.3,2.2,4.55
NSE:JAYNECOIND,26.6,25.9,2.7
NSE:JAYSREETEA-EQ,NaN,NaN,NaN
NSE:JAICORPLTD-EQ,NaN,NaN,NaN
NSE:JAINSTUDIO-EQ,NaN,NaN,NaN
NSE:JAYSREETEA,110.8,110.4,0.36
NSE:JPINFRATEC,2.25,2.3,-2.17
NSE:JBMA-EQ,NaN,NaN,NaN
NSE:JBCHEPHARM,1759.4,1799.85,-2.25
NSE:JBCHEPHARM-EQ,NaN,NaN,NaN
NSE:JBMA,629.45,631.95,-0.4
NSE:RJL,NaN,NaN,NaN
NSE:THANGAMAYL-EQ,NaN,NaN,NaN
NSE:JENSONICOL,NaN,NaN,NaN
NSE:JENSONICOL-EQ,NaN,NaN,NaN
NSE:THANGAMAYL,1398,1356.3,3.07
NSE:JEYPORE,NaN,NaN,NaN
NSE:JHS,26.3,26.65,-1.31
NSE:JHS-EQ,NaN,NaN,NaN
NSE:JHS-BZ,NaN,NaN,NaN
NSE:JSLHISAR,328.65,319.65,2.82
NSE:JINDALSTEL-EQ,NaN,NaN,NaN
NSE:JIKIND,0.55,0.5,10
NSE:JINDALSTEL,460.5,446.5,3.14
NSE:JINDALPOLY,1074,1019.7,5.33
NSE:JINDALSAW-EQ,NaN,NaN,NaN
NSE:JINDALPOLY-EQ,NaN,NaN,NaN
NSE:JSL,181.05,172.05,5.23
NSE:JSL-BE,NaN,NaN,NaN
NSE:JMTAUTOLTD,3.15,3.15,0
NSE:JMCPROJECT,115,113.7,1.14
NSE:JOCIL,230,229.7,0.13
NSE:JYOTISTRUC,19.55,18.65,4.83
NSE:KAMDHENU,260.05,246.15,5.65
NSE:KALPATPOWR,445.5,443.45,0.46
NSE:KSCL-IL,NaN,NaN,NaN
NSE:KANANIIND,9.2,9.05,1.66
NSE:KANSAINER-EQ,NaN,NaN,NaN
NSE:KAVVERITEL-EQ,NaN,NaN,NaN
NSE:KIL,NaN,NaN,NaN
NSE:PERIATEA-BE,NaN,NaN,NaN
NSE:KAYA-EQ,NaN,NaN,NaN
NSE:KSL-EQ,NaN,NaN,NaN
NSE:PERIATEA,NaN,NaN,NaN
NSE:KAYA-BE,NaN,NaN,NaN
NSE:KSCL-EQ,NaN,NaN,NaN
NSE:KAMATHOTEL,64.1,63.1,1.58
NSE:KANANIIND-EQ,NaN,NaN,NaN
NSE:KALINDEE-EQ,NaN,NaN,NaN
NSE:KAMATHOTEL-EQ,NaN,NaN,NaN
NSE:KARURVYSYA,50.65,49.25,2.84
NSE:KAYA,558,550.15,1.43
NSE:PKTEA-EQ,NaN,NaN,NaN
NSE:KALINDEE,NaN,NaN,NaN
NSE:KTKBANK,71.95,71.35,0.84
NSE:PKTEA,325,327.65,-0.81
NSE:KAUSHALYA-EQ,NaN,NaN,NaN
NSE:KANORICHEM,197.95,194.6,1.72
NSE:KICL,2118.1,2135.9,-0.83
NSE:KAVVERITEL,8.6,8.2,4.88
NSE:KCP,144.45,142.55,1.33
NSE:KDDL,512.4,517.9,-1.06
NSE:KEYCORPSER-EQ,NaN,NaN,NaN
NSE:KEYCORPSER-BE,NaN,NaN,NaN
NSE:KESORAMIND-BZ,NaN,NaN,NaN
NSE:KEC-EQ,NaN,NaN,NaN
NSE:KEI,998.9,939.7,6.3
NSE:KESARENT-EQ,NaN,NaN,NaN
NSE:KERNEX,82.95,82.6,0.42
NSE:KEYCORPSER,NaN,NaN,NaN
NSE:KTIL-EQ,NaN,NaN,NaN
NSE:KELLTONTEC,52.25,51.6,1.26
NSE:KESORAMIND,70.05,70.85,-1.13
NSE:SHK,156.45,155.25,0.77
NSE:KERNEX-BE,NaN,NaN,NaN
NSE:KESORAMIND-EQ,NaN,NaN,NaN
NSE:KESORAMIND-BE,NaN,NaN,NaN
NSE:KHANDSE-EQ,NaN,NaN,NaN
NSE:RADICO,1130.85,1095.3,3.25
NSE:RADICO-EQ,NaN,NaN,NaN
NSE:KHANDSE,17.25,17.2,0.29
NSE:KHAITANLTD-BE,NaN,NaN,NaN
NSE:KHAITANLTD,38,37.25,2.01
NSE:KHAITANLTD-EQ,NaN,NaN,NaN
NSE:KIRIINDUS,529.7,533.8,-0.77
NSE:KITPLYIND-BZ,NaN,NaN,NaN
NSE:KIRLOSIND-EQ,NaN,NaN,NaN
NSE:KIRLOSENG-EQ,NaN,NaN,NaN
NSE:KIRLOSIND,1630,1619.9,0.62
NSE:KMSUGAR-BE,NaN,NaN,NaN
NSE:KMSUGAR-EQ,NaN,NaN,NaN
NSE:KMSUGAR,27.3,27.35,-0.18
NSE:KOTHARIPET-EQ,NaN,NaN,NaN
NSE:KOTAKBKETF-EQ,NaN,NaN,NaN
NSE:KOLTEPATIL-EQ,NaN,NaN,NaN
NSE:KOTHARIPET,52.15,52.4,-0.48
NSE:KOTAKNV20-EQ,NaN,NaN,NaN
NSE:KOKUYOCMLN,68.65,68.2,0.66
NSE:KOTAKBANK-IL,NaN,NaN,NaN
NSE:KTKNV20ETF-EQ,NaN,NaN,NaN
NSE:KOLTEPATIL,324.9,326.1,-0.37
NSE:SONASTEER,NaN,NaN,NaN
NSE:KPRMILL-EQ,NaN,NaN,NaN
NSE:KRISHNAENG,NaN,NaN,NaN
NSE:KRISHNAENG-BE,NaN,NaN,NaN
NSE:KRISHNAENG-BZ,NaN,NaN,NaN
NSE:KRIDHANINF-EQ,NaN,NaN,NaN
NSE:KRBL,323.1,320.85,0.7
NSE:KRIDHANINF,5.3,5.15,2.91
NSE:KSE-BE,NaN,NaN,NaN
NSE:KSK-EQ,NaN,NaN,NaN
NSE:KSERASERA-BE,NaN,NaN,NaN
NSE:KSOILS,NaN,NaN,NaN
NSE:KSBPUMPS,NaN,NaN,NaN
NSE:SKUMARSYNF-BZ,NaN,NaN,NaN
NSE:KWALITY-EQ,NaN,NaN,NaN
NSE:KWALITY,2.2,2.2,0
NSE:LT,1796.65,1789.3,0.41
NSE:MOREPENLAB,54.55,54.7,-0.27
NSE:LYKALABS,81.5,79,3.16
NSE:UNICHEMLAB,261.5,264.25,-1.04
NSE:SHLAKSHMI,NaN,NaN,NaN
NSE:PITTILAM,NaN,NaN,NaN
NSE:PENINLAND-EQ,NaN,NaN,NaN
NSE:SHLAKSHMI-BE,NaN,NaN,NaN
NSE:LAMBODHARA-EQ,NaN,NaN,NaN
NSE:LPDC-EQ,NaN,NaN,NaN
NSE:LAKPRE,4.6,4.65,-1.08
NSE:NEULANDLAB-EQ,NaN,NaN,NaN
NSE:LAMBODHARA,87.45,87.45,0
NSE:VIVIMEDLAB,21.35,21.55,-0.93
NSE:INDSWFTLAB,63.05,63.1,-0.08
NSE:PHOENIXLL-EQ,NaN,NaN,NaN
NSE:SHLAKSHMI-EQ,NaN,NaN,NaN
NSE:NEULANDLAB,1732.25,1823.4,-5
NSE:VIMTALABS-EQ,NaN,NaN,NaN
NSE:RANBAXY,NaN,NaN,NaN
NSE:LT-EQ,NaN,NaN,NaN
NSE:LAXMIMACH,9160.5,9032.8,1.41
NSE:PHOENIXLL,NaN,NaN,NaN
NSE:LFIC-EQ,NaN,NaN,NaN
NSE:INDSWFTLAB-EQ,NaN,NaN,NaN
NSE:SHLAKSHMI-BZ,NaN,NaN,NaN
NSE:PENINLAND,12.1,12.1,0
NSE:CAPLIPOINT,912.7,907.8,0.54
NSE:LITL,NaN,NaN,NaN
NSE:VIVIMEDLAB-EQ,NaN,NaN,NaN
NSE:MOREPENLAB-EQ,NaN,NaN,NaN
NSE:LAKSHMIEFL,NaN,NaN,NaN
NSE:ORTINLABSS,NaN,NaN,NaN
NSE:LYKALABS-EQ,NaN,NaN,NaN
NSE:ORTINLABSS-EQ,NaN,NaN,NaN
NSE:LFIC,80.5,79.75,0.94
NSE:LAKSHVILAS,NaN,NaN,NaN
NSE:LCCINFOTEC-BE,NaN,NaN,NaN
NSE:LCCINFOTEC,1.85,1.9,-2.63
NSE:LCCINFOTEC-EQ,NaN,NaN,NaN
NSE:INOXLEISUR-EQ,NaN,NaN,NaN
NSE:INOXLEISUR,417.05,415.4,0.4
NSE:FIRSTLEASE-BZ,NaN,NaN,NaN
NSE:LGBBROSLTD,514,494.3,3.99
NSE:SUVEN,115.3,117.3,-1.71
NSE:SONATSOFTW,934.3,934.5,-0.02
NSE:SNOWMAN-EQ,NaN,NaN,NaN
NSE:RPGLIFE,656,669.6,-2.03
NSE:PREMIERPOL-EQ,NaN,NaN,NaN
NSE:NCOPPER,NaN,NaN,NaN
NSE:PARACABLES-EQ,NaN,NaN,NaN
NSE:MOTHERSUMI,243.15,246.55,-1.38
NSE:MCLEODRUSS,30.4,29.6,2.7
NSE:COUNCODOS,3.5,3.6,-2.78
NSE:COROMANDEL,872.4,863.2,1.07
NSE:ORCHIDPHAR-EQ,NaN,NaN,NaN
NSE:RMMIL,NaN,NaN,NaN
NSE:RMMIL-EQ,NaN,NaN,NaN
NSE:PRAKASHCON-EQ,NaN,NaN,NaN
NSE:REFEX-EQ,NaN,NaN,NaN
NSE:SAMINDUS-EQ,NaN,NaN,NaN
NSE:PRAKASH-EQ,NaN,NaN,NaN
NSE:MOIL,172.55,168.9,2.16
NSE:NILAINFRA-EQ,NaN,NaN,NaN
NSE:SYMPHONY,1083.8,1072.4,1.06
NSE:MINDAIND-EQ,NaN,NaN,NaN
NSE:CAIRN-EQ,NaN,NaN,NaN
NSE:NECLIFE,30.65,30.4,0.82
NSE:ORIENTLTD-EQ,NaN,NaN,NaN
NSE:LYCOS-EQ,NaN,NaN,NaN
NSE:MCLEODRUSS-EQ,NaN,NaN,NaN
NSE:ENGINERSIN-EQ,NaN,NaN,NaN
NSE:ORIENTREF-EQ,NaN,NaN,NaN
NSE:PONNIERODE-EQ,NaN,NaN,NaN
NSE:TIMBOR-BZ,NaN,NaN,NaN
NSE:THERMAX-EQ,NaN,NaN,NaN
NSE:PHOENIXLTD,985,977.65,0.75
NSE:GRPLTD-EQ,NaN,NaN,NaN
NSE:INSECTICID-EQ,NaN,NaN,NaN
NSE:NESTLEIND-EQ,NaN,NaN,NaN
NSE:TORNTPHARM-EQ,NaN,NaN,NaN
NSE:MAJESCO,92,91.45,0.6
NSE:SKFINDIA-EQ,NaN,NaN,NaN
NSE:POLYPLEX-EQ,NaN,NaN,NaN
NSE:MANGTIMBER,17.6,17.75,-0.85
NSE:TATAMETALI-EQ,NaN,NaN,NaN
NSE:TUBEINVEST,NaN,NaN,NaN
NSE:SMPL-EQ,NaN,NaN,NaN
NSE:BANCOINDIA,194.35,195.5,-0.59
NSE:UPL,755,747.85,0.96
NSE:SALORAINTL,NaN,NaN,NaN
NSE:VRLLOG-EQ,NaN,NaN,NaN
NSE:STEL-EQ,NaN,NaN,NaN
NSE:INDUSINDBK,1223,1210,1.07
NSE:SIGNET-EQ,NaN,NaN,NaN
NSE:MOLDTKPAC-EQ,NaN,NaN,NaN
NSE:MCDHOLDING-EQ,NaN,NaN,NaN
NSE:GREAVESCOT-EQ,NaN,NaN,NaN
NSE:TNTELE-EQ,NaN,NaN,NaN
NSE:UNIVCABLES-EQ,NaN,NaN,NaN
NSE:GRAVITA,207.5,206.4,0.53
NSE:TECHIN-BE,NaN,NaN,NaN
NSE:SHARDAMOTR-EQ,NaN,NaN,NaN
NSE:NITCO-EQ,NaN,NaN,NaN
NSE:UNITY-EQ,NaN,NaN,NaN
NSE:PNEUMATIC-EQ,NaN,NaN,NaN
NSE:GRASIM-IL,NaN,NaN,NaN
NSE:PROZONINTU-EQ,NaN,NaN,NaN
NSE:TATASTEEL-EQ,NaN,NaN,NaN
NSE:SRGINFOTEC,NaN,NaN,NaN
NSE:INDOTECH-EQ,NaN,NaN,NaN
NSE:CASTEXTECH,0.8,0.75,6.67
NSE:SUPREMEIND-EQ,NaN,NaN,NaN
NSE:SHREYAS-BE,NaN,NaN,NaN
NSE:MBLINFRA-EQ,NaN,NaN,NaN
NSE:GRAVITA-EQ,NaN,NaN,NaN
NSE:DELTAMAGNT-EQ,NaN,NaN,NaN
NSE:PUNJLLOYD,1.9,1.85,2.7
NSE:LLOYDFIN,NaN,NaN,NaN
NSE:LML,NaN,NaN,NaN
NSE:PETRONET-EQ,NaN,NaN,NaN
NSE:PETRONET-IL,NaN,NaN,NaN
NSE:PETRONET,235.65,230.5,2.23
NSE:SICAL,21.6,19.65,9.92
NSE:PATINTLOG,22.95,22.75,0.88
NSE:SHREYAS,387.95,391.65,-0.94
NSE:LOVABLE,134.5,134.8,-0.22
NSE:LOKESHMACH,52.1,52.35,-0.48
NSE:SNOWMAN,43.9,42.9,2.33
NSE:LOVABLE-EQ,NaN,NaN,NaN
NSE:VRLLOG,396.5,385.05,2.97
NSE:SAKHTISUG,15.3,15.85,-3.47
NSE:PRIMESECU,121.85,116.05,5
NSE:INFOMEDIA,4.25,4.05,4.94
NSE:TVSMOTOR,582.1,583.8,-0.29
NSE:TTML,55.65,53,5
NSE:TRF,160.1,158.8,0.82
NSE:TITAN,2656,2564.05,3.59
NSE:TIJARIA,7.2,7.25,-0.69
NSE:TI,48.4,46.1,4.99
NSE:THERMAX,1410.2,1387.7,1.62
NSE:TECPRO,NaN,NaN,NaN
NSE:TATAMTRDVR,266.1,247.65,7.45
NSE:TATACOMM,1487.25,1440,3.28
NSE:TAKE,51.6,51.65,-0.1
NSE:SURANASOL,24.45,23.3,4.94
NSE:LUMAXAUTO,NaN,NaN,NaN
NSE:LUXIND,3812.05,3755.15,1.52
NSE:LUMAXIND-EQ,NaN,NaN,NaN
NSE:LUMAXTECH-EQ,NaN,NaN,NaN
NSE:OPAL-SM,NaN,NaN,NaN
NSE:LUXIND-EQ,NaN,NaN,NaN
NSE:LUMAXIND,1449.95,1455.45,-0.38
NSE:LUPIN-IL,NaN,NaN,NaN
NSE:LYCOS,NaN,NaN,NaN
NSE:MTNL,20,19.85,0.76
NSE:MASTEK,3293.75,3225.85,2.1
NSE:MARKSANS,69.65,70,-0.5
NSE:MALWACOTT,NaN,NaN,NaN
NSE:MALUPAPER,36.65,36.7,-0.14
NSE:MHRIL-EQ,NaN,NaN,NaN
NSE:MARUTI-IL,NaN,NaN,NaN
NSE:MALWACOTT-BE,NaN,NaN,NaN
NSE:MANAKINDST-BE,NaN,NaN,NaN
NSE:MANAKINDST-EQ,NaN,NaN,NaN
NSE:MANINDS,115.05,113,1.81
NSE:MARICO,583.05,579.3,0.65
NSE:RMCL-EQ,NaN,NaN,NaN
NSE:M&MFIN,187.8,185.2,1.4
NSE:MANAKSTEEL,33.1,31.75,4.25
NSE:MARALOVER-EQ,NaN,NaN,NaN
NSE:SUPREMETEX-EQ,NaN,NaN,NaN
NSE:MANINFRA,111.9,110.05,1.68
NSE:MBLINFRA,22.5,22.05,2.04
NSE:MCDOWELL-N-EQ,NaN,NaN,NaN
NSE:MCDHOLDING,84.15,80.15,4.99
NSE:SAMBHAAV,3,2.9,3.45
NSE:RADAAN,1.45,1.45,0
NSE:PRECOT,251.8,253.7,-0.75
NSE:MMNL,NaN,NaN,NaN
NSE:SMPL,NaN,NaN,NaN
NSE:MMNL-EQ,NaN,NaN,NaN
NSE:POLYMED,961.6,992.55,-3.12
NSE:SAMBHAAV-BE,NaN,NaN,NaN
NSE:MMNL-IT,NaN,NaN,NaN
NSE:OMMETALS-EQ,NaN,NaN,NaN
NSE:MEGASOFT-EQ,NaN,NaN,NaN
NSE:MEP,26.8,26.9,-0.37
NSE:SHILPAMED,625.55,638.95,-2.1
NSE:MEP-EQ,NaN,NaN,NaN
NSE:MELSTAR,3.65,3.55,2.82
NSE:MERCK-EQ,NaN,NaN,NaN
NSE:MEGH-EQ,NaN,NaN,NaN
NSE:RATNAMANI,2211.35,2211.35,0
NSE:INDRAMEDCO-EQ,NaN,NaN,NaN
NSE:INDRAMEDCO,79.95,80.05,-0.12
NSE:MANAKCOAT-BE,NaN,NaN,NaN
NSE:INDBANK-EQ,NaN,NaN,NaN
NSE:THEMISMED-BE,NaN,NaN,NaN
NSE:MELSTAR-BE,NaN,NaN,NaN
NSE:POWERMECH-EQ,NaN,NaN,NaN
NSE:MANAKCOAT-EQ,NaN,NaN,NaN
NSE:MFSL,999.9,988.25,1.18
NSE:MHRIL,247.75,242.8,2.04
NSE:MIRZAINT,65.3,64.2,1.71
NSE:20MICRONS,63.1,62.35,1.2
NSE:MINDACORP,134.25,133.25,0.75
NSE:NIRVIKARA-EQ,NaN,NaN,NaN
NSE:PDUMJEPULP,NaN,NaN,NaN
NSE:SIRPAPER-BZ,NaN,NaN,NaN
NSE:SIRPAPER,NaN,NaN,NaN
NSE:RAJOIL-BE,NaN,NaN,NaN
NSE:MIRZAINT-EQ,NaN,NaN,NaN
NSE:SARDAEN,833,770.25,8.15
NSE:PHOENIXLTD-EQ,NaN,NaN,NaN
NSE:SURYAJYOTI,NaN,NaN,NaN
NSE:8KMILES-EQ,NaN,NaN,NaN
NSE:PDUMJEPULP-EQ,NaN,NaN,NaN
NSE:RAJPALAYA,NaN,NaN,NaN
NSE:MMTC,48.2,47.1,2.34
NSE:SPICEMOBI,NaN,NaN,NaN
NSE:MORARJEE,18.9,19.3,-2.07
NSE:MOHITIND,12.35,12.35,0
NSE:MOTHERSUMI-EQ,NaN,NaN,NaN
NSE:MOHITIND-EQ,NaN,NaN,NaN
NSE:MORARJEE-EQ,NaN,NaN,NaN
NSE:MOSERBAER-EQ,NaN,NaN,NaN
NSE:M50-EQ,NaN,NaN,NaN
NSE:MOLDTKPAC,708.55,730.05,-2.95
NSE:MONSANTO,NaN,NaN,NaN
NSE:SHARDAMOTR,670,691.35,-3.09
NSE:SANGHVIMOV,201.05,203.5,-1.2
NSE:SPICEMOBI-EQ,NaN,NaN,NaN
NSE:RAIREKMOH-EQ,NaN,NaN,NaN
NSE:MOTILALOFS-EQ,NaN,NaN,NaN
NSE:MOSERBAER,NaN,NaN,NaN
NSE:SANGHVIMOV-EQ,NaN,NaN,NaN
NSE:UFO-EQ,NaN,NaN,NaN
NSE:MONSANTO-EQ,NaN,NaN,NaN
NSE:MPHASIS,3370.35,3266.6,3.18
NSE:MPSLTD,684.25,691.6,-1.06
NSE:MPSLTD-EQ,NaN,NaN,NaN
NSE:MRF-EQ,NaN,NaN,NaN
NSE:MRO-TEK,67.4,64.2,4.98
NSE:MRO-TEK-EQ,NaN,NaN,NaN
NSE:MSPL,9.9,9.9,0
NSE:SHREERAMA,14.05,13.85,1.44
NSE:SUNDARAM,2,2,0
NSE:MUKANDLTD-P1,NaN,NaN,NaN
NSE:3RDROCK-IT,NaN,NaN,NaN
NSE:3RDROCK,64.6,64.6,0
NSE:MUKANDLTD,144,141.95,1.44
NSE:MUNJALSHOW,139.05,137.65,1.02
NSE:3RDROCK-EQ,NaN,NaN,NaN
NSE:MUKANDLTD-EQ,NaN,NaN,NaN
NSE:MUTHOOTCAP-EQ,NaN,NaN,NaN
NSE:SHREERAMA-EQ,NaN,NaN,NaN
NSE:MUTHOOTCAP,406.05,406.95,-0.22
NSE:MURLIIND-EQ,NaN,NaN,NaN
NSE:MUKANDENGG,26.25,26.25,0
NSE:MVL,NaN,NaN,NaN
NSE:MVL-EQ,NaN,NaN,NaN
NSE:NAVKARCORP,43.05,42.7,0.82
NSE:NATCOPHARM,891.1,889.85,0.14
NSE:NAKODA,NaN,NaN,NaN
NSE:NAKODA-EQ,NaN,NaN,NaN
NSE:NSIL,1866,1805.05,3.38
NSE:PNC-EQ,NaN,NaN,NaN
NSE:TNPL-EQ,NaN,NaN,NaN
NSE:NAHARSPING,454.75,433.1,5
NSE:NAGREEKCAP,7.85,7.95,-1.26
NSE:NDL-EQ,NaN,NaN,NaN
NSE:NATCOPHARM-EQ,NaN,NaN,NaN
NSE:NAGAROIL-EQ,NaN,NaN,NaN
NSE:PNB-IL,NaN,NaN,NaN
NSE:NAVKARCORP-EQ,NaN,NaN,NaN
NSE:PNB,44.75,42.55,5.17
NSE:NAHARINDUS-EQ,NaN,NaN,NaN
NSE:PNB-EQ,NaN,NaN,NaN
NSE:NAGREEKCAP-EQ,NaN,NaN,NaN
NSE:NAGAROIL,NaN,NaN,NaN
NSE:NAHARINDUS,116.5,113.95,2.24
NSE:TNPL,140.5,141.25,-0.53
NSE:NCOPPER-BE,NaN,NaN,NaN
NSE:NCC,83.3,81.5,2.21
NSE:NCOPPER-BZ,NaN,NaN,NaN
NSE:NCLIND-EQ,NaN,NaN,NaN
NSE:NDTV,82.7,82.55,0.18
NSE:NECLIFE-EQ,NaN,NaN,NaN
NSE:SUNTV,556.1,554.45,0.3
NSE:NEYVELILIG,NaN,NaN,NaN
NSE:NEOCORP-BE,NaN,NaN,NaN
NSE:NESCO,674.05,667,1.06
NSE:NET4,NaN,NaN,NaN
NSE:RAJTV,36.45,36.05,1.11
NSE:NETWORK18,88.7,78.75,12.63
NSE:NESTLEIND,19379.15,19325.4,0.28
NSE:NEXTMEDIA,6,5.85,2.56
NSE:NELCAST-EQ,NaN,NaN,NaN
NSE:TVTODAY,297.05,289.2,2.71
NSE:NESCO-EQ,NaN,NaN,NaN
NSE:DEN,54.3,53.3,1.88
NSE:TVTODAY-EQ,NaN,NaN,NaN
NSE:NEPCMICON,NaN,NaN,NaN
NSE:SMARTLINK,115,114.45,0.48
NSE:SETFNN50,466.3,461.68,1
NSE:NEXTMEDIA-EQ,NaN,NaN,NaN
NSE:NEPCMICON-BE,NaN,NaN,NaN
NSE:RAJTV-EQ,NaN,NaN,NaN
NSE:NELCO-EQ,NaN,NaN,NaN
NSE:SETFNN50-EQ,NaN,NaN,NaN
NSE:SITICABLE,NaN,NaN,NaN
NSE:NGCT-BE,NaN,NaN,NaN
NSE:NGCT,NaN,NaN,NaN
NSE:NGCT-EQ,NaN,NaN,NaN
NSE:NICCO-BE,NaN,NaN,NaN
NSE:SETFNIF50,188.21,186.5,0.92
NSE:NILKAMAL-EQ,NaN,NaN,NaN
NSE:NIITLTD-EQ,NaN,NaN,NaN
NSE:NITINSPIN,229.4,218.5,4.99
NSE:NICCO-EQ,NaN,NaN,NaN
NSE:NIITTECH,NaN,NaN,NaN
NSE:DEEPAKNTR,2915.1,2897.8,0.6
NSE:TECHIN-EQ,NaN,NaN,NaN
NSE:NITINSPIN-EQ,NaN,NaN,NaN
NSE:NIRVIKARA,NaN,NaN,NaN
NSE:NIPPOBATRY,1030,1036,-0.58
NSE:NILAINFRA,6.65,6.95,-4.32
NSE:NITINFIRE-EQ,NaN,NaN,NaN
NSE:NILKAMAL,2689.8,2677.55,0.46
NSE:NIRVIKARA-BE,NaN,NaN,NaN
NSE:SETFNIFBK,396.65,392.28,1.11
NSE:SETFNIFBK-EQ,NaN,NaN,NaN
NSE:SETFNIF50-EQ,NaN,NaN,NaN
NSE:NITCO,25.5,25.5,0
NSE:TECHIN,6.45,6.65,-3.01
NSE:NKIND,42.7,41.3,3.39
NSE:NOCIL-EQ,NaN,NaN,NaN
NSE:DENORA-EQ,NaN,NaN,NaN
NSE:GRINDWELL,1564.65,1466.95,6.66
NSE:DENORA,341.8,339.15,0.78
NSE:NOESISIND,NaN,NaN,NaN
NSE:NORBTEAEXP-BE,NaN,NaN,NaN
NSE:NOESISIND-EQ,NaN,NaN,NaN
NSE:UNIVCABLES-BE,NaN,NaN,NaN
NSE:VISESHINFO-BE,NaN,NaN,NaN
NSE:NRBBEARING-EQ,NaN,NaN,NaN
NSE:NRC-BZ,NaN,NaN,NaN
NSE:NUTEK,NaN,NaN,NaN
NSE:OCL,NaN,NaN,NaN
NSE:OCCL,1075,1077.95,-0.27
NSE:SCI,143.2,142,0.85
NSE:TINPLATE,339.6,333.35,1.87
NSE:POWERGRID-EQ,NaN,NaN,NaN
NSE:STCINDIA,112.65,109.7,2.69
NSE:SBT,NaN,NaN,NaN
NSE:ORIENTBANK-EQ,NaN,NaN,NaN
NSE:SAIL,128.8,124.2,3.7
NSE:TINPLATE-EQ,NaN,NaN,NaN
NSE:UNITEDBNK,NaN,NaN,NaN
NSE:BANKBARODA,91.45,88.75,3.04
NSE:MYSOREBANK,NaN,NaN,NaN
NSE:TFCILTD,74,73.1,1.23
NSE:WHIRLPOOL-EQ,NaN,NaN,NaN
NSE:OILCOUNTUB,10.6,11.15,-4.93
NSE:RAJOIL,NaN,NaN,NaN
NSE:SOTL,1506.9,1494.95,0.8
NSE:SOTL-EQ,NaN,NaN,NaN
NSE:OMKARCHEM,25.95,24.75,4.85
NSE:OMNITECH,NaN,NaN,NaN
NSE:OMMETALS,NaN,NaN,NaN
NSE:OMAXE-EQ,NaN,NaN,NaN
NSE:STOREONE-EQ,NaN,NaN,NaN
NSE:ONELIFECAP-EQ,NaN,NaN,NaN
NSE:ORIENTALTL,9.1,9.05,0.55
NSE:ORIENTLTD,75,73.85,1.56
NSE:VINATIORGA-EQ,NaN,NaN,NaN
NSE:ORICONENT-EQ,NaN,NaN,NaN
NSE:ORIENTPPR-EQ,NaN,NaN,NaN
NSE:ORIENTPPR,34.7,33.75,2.81
NSE:ORIENTREF,NaN,NaN,NaN
NSE:ORTEL,1.35,1.35,0
NSE:ORTEL-EQ,NaN,NaN,NaN
NSE:ORIENTALTL-BE,NaN,NaN,NaN
NSE:ORIENTALTL-EQ,NaN,NaN,NaN
NSE:PANCHSHEEL-EQ,NaN,NaN,NaN
NSE:MEGH,NaN,NaN,NaN
NSE:ORICONENT,29.2,29.3,-0.34
NSE:ORISSAMINE,2893,2856.35,1.28
NSE:GREENPOWER,4.9,4.7,4.26
NSE:GREENPOWER-EQ,NaN,NaN,NaN
NSE:ORIENTHOT-EQ,NaN,NaN,NaN
NSE:VINATIORGA,2053.9,2077.75,-1.15
NSE:ORCHIDPHAR,NaN,NaN,NaN
NSE:ORIENTHOT,41.25,39,5.77
NSE:SIGNETIND,NaN,NaN,NaN
NSE:PRADIP-EQ,NaN,NaN,NaN
NSE:MARALOVER,82.8,85.75,-3.44
NSE:PRADIP,1.15,1.1,4.55
NSE:BANG-BE,NaN,NaN,NaN
NSE:PAGEIND,38097.5,37370.3,1.95
NSE:RAINBOWPAP,NaN,NaN,NaN
NSE:PATSPINLTD-EQ,NaN,NaN,NaN
NSE:PALREDTECH-EQ,NaN,NaN,NaN
NSE:PARSVNATH,16.2,16.35,-0.92
NSE:PARASPETRO-BE,NaN,NaN,NaN
NSE:PALRED,NaN,NaN,NaN
NSE:SERVALL,NaN,NaN,NaN
NSE:PANAMAPET-EQ,NaN,NaN,NaN
NSE:PALREDTECH,NaN,NaN,NaN
NSE:SHALPAINTS-EQ,NaN,NaN,NaN
NSE:PATSPINLTD,9.25,9.4,-1.6
NSE:PARAPRINT,NaN,NaN,NaN
NSE:SHALPAINTS,96.65,97.05,-0.41
NSE:PALREDTECH-BE,NaN,NaN,NaN
NSE:PARASPETRO-EQ,NaN,NaN,NaN
NSE:PARACABLES,13.4,13.5,-0.74
NSE:MALUPAPER-EQ,NaN,NaN,NaN
NSE:PARAPRINT-BE,NaN,NaN,NaN
NSE:PANCHSHEE,NaN,NaN,NaN
NSE:RAINBOWPAP-EQ,NaN,NaN,NaN
NSE:PANORAMUNI-EQ,NaN,NaN,NaN
NSE:PANAMAPET,276,274.55,0.53
NSE:SERVALL-EQ,NaN,NaN,NaN
NSE:PANORAMUNI,NaN,NaN,NaN
NSE:PAEL-EQ,NaN,NaN,NaN
NSE:STARPAPER,150.95,150.8,0.1
NSE:PBAINFRA,11.5,11.65,-1.29
NSE:PDUMJEIND-EQ,NaN,NaN,NaN
NSE:PDMJEPAPER,44.2,43.3,2.08
NSE:PDUMJEIND,NaN,NaN,NaN
NSE:SPIC,51.85,51.75,0.19
NSE:LINCPEN,248.1,247.15,0.38
NSE:PETRONENGG,NaN,NaN,NaN
NSE:PEARLPOLY-EQ,NaN,NaN,NaN
NSE:PEPL,NaN,NaN,NaN
NSE:PERFECT-SM,NaN,NaN,NaN
NSE:PEARLPOLY,16,15.75,1.59
NSE:PENIND,31.5,29.8,5.7
NSE:LINCPEN-EQ,NaN,NaN,NaN
NSE:PARASPETRO,NaN,NaN,NaN
NSE:SUPPETRO,768.95,744.35,3.3
NSE:CHENNPETRO,138.65,134,3.47
NSE:PENPEBS-RL,NaN,NaN,NaN
NSE:PERSISTENT,4159.65,4212,-1.24
NSE:PENPEBS-BL,NaN,NaN,NaN
NSE:TNPETRO,131.5,132,-0.38
NSE:PENPEBS-IQ,NaN,NaN,NaN
NSE:SPIC-EQ,NaN,NaN,NaN
NSE:MANALIPETC-EQ,NaN,NaN,NaN
NSE:MANALIPETC,125.9,125.75,0.12
NSE:PFIZER,5523.45,5537.6,-0.26
NSE:SMSPHARMA,148,148.75,-0.5
NSE:LINCOLN-EQ,NaN,NaN,NaN
NSE:SUNPHARMA-EQ,NaN,NaN,NaN
NSE:TORNTPHARM,3100.25,3130.4,-0.96
NSE:PLETHICO-BZ,NaN,NaN,NaN
NSE:PIRPHYTO-EQ,NaN,NaN,NaN
NSE:PLETHICO,NaN,NaN,NaN
NSE:PLETHICO-BE,NaN,NaN,NaN
NSE:SHASUNPHAR-EQ,NaN,NaN,NaN
NSE:PIRPHYTO,NaN,NaN,NaN
NSE:SMSPHARMA-EQ,NaN,NaN,NaN
NSE:SURYAPHARM-BZ,NaN,NaN,NaN
NSE:BALPHARMA,105,104.15,0.82
NSE:LINCOLN,382,380.3,0.45
NSE:PIIND,3340.5,3314.25,0.79
NSE:PILANIINVS,2015,2012.05,0.15
NSE:PILANIINVS-EQ,NaN,NaN,NaN
NSE:PIDILITIND-EQ,NaN,NaN,NaN
NSE:SRIPIPES,212.35,209.95,1.14
NSE:PIDILITIND,2488.5,2481.1,0.3
NSE:TEXMOPIPES,52.2,52.15,0.1
NSE:SRIPIPES-EQ,NaN,NaN,NaN
NSE:PKTEA-BE,NaN,NaN,NaN
NSE:PLASTIBLEN,268.45,270.65,-0.81
NSE:PNCINFRA,374.8,377.5,-0.72
NSE:PNEUMATIC,NaN,NaN,NaN
NSE:PNCINFRA-EQ,NaN,NaN,NaN
NSE:POLARIS,NaN,NaN,NaN
NSE:PONNIERODE,246,242.15,1.59
NSE:TIJARIA-BE,NaN,NaN,NaN
NSE:PREMIERPOL,71.95,68.7,4.73
NSE:SEPOWER-EQ,NaN,NaN,NaN
NSE:POCHIRAJU,NaN,NaN,NaN
NSE:RTNPOWER-EQ,NaN,NaN,NaN
NSE:PREMIERPOL-BE,NaN,NaN,NaN
NSE:POLYPLEX,1923.4,1834.95,4.82
NSE:HONDAPOWER,1406.2,1398.35,0.56
NSE:RPOWER,16.95,16.15,4.95
NSE:VARDMNPOLY,23.05,23.3,-1.07
NSE:TORNTPOWER,521.7,515.4,1.22
NSE:RTNPOWER,4.45,4.4,1.14
NSE:SEPOWER,11.65,11.1,4.95
NSE:VIVIDHA-EQ,NaN,NaN,NaN
NSE:POWERMECH,1075,1038.05,3.56
NSE:VIKASHMET,NaN,NaN,NaN
NSE:SPYL-BE,NaN,NaN,NaN
NSE:VIVIDHA,0.75,0.75,0
NSE:SPYL,0.75,0.75,0
NSE:POLYMED-EQ,NaN,NaN,NaN
NSE:CAREERP,158.35,156.15,1.41
NSE:TATAPOWER,255.95,222.6,14.98
NSE:POWERGRID-IL,NaN,NaN,NaN
NSE:TDPOWERSYS,372.25,340.65,9.28
NSE:PRICOL,NaN,NaN,NaN
NSE:PREMIER,4.05,3.9,3.85
NSE:PURVA,141,136.9,2.99
NSE:SIMPLEX,NaN,NaN,NaN
NSE:VKSPL,NaN,NaN,NaN
NSE:TTKPRESTIG,8860,8805.4,0.62
NSE:PRAKASHSTL,2.45,2.25,8.89
NSE:PRATIBHA,NaN,NaN,NaN
NSE:RASOYPR,NaN,NaN,NaN
NSE:PROVOGE,NaN,NaN,NaN
NSE:PRAKASHCON,NaN,NaN,NaN
NSE:PRITHVISOF-EQ,NaN,NaN,NaN
NSE:PSL,NaN,NaN,NaN
NSE:PSL-BE,NaN,NaN,NaN
NSE:PSL-EQ,NaN,NaN,NaN
NSE:PSB,19.25,18.55,3.77
NSE:PTC,135,133.4,1.2
NSE:PTL,51,49.85,2.31
NSE:PURVA-EQ,NaN,NaN,NaN
NSE:SHAKTIPUMP,824,800.5,2.94
NSE:PVR,1735,1713.8,1.24
NSE:PVP,6.1,5.85,4.27
NSE:RANASUG,28.9,28.45,1.58
NSE:RAMKY,157.2,158.9,-1.07
NSE:RAJVIR,8.5,8.1,4.94
NSE:INGERRAND,1186.4,1175,0.97
NSE:RAMASTEEL,274.05,279.7,-2.02
NSE:RAJRAYON,0.45,0.45,0
NSE:RAYMOND,463.3,461.75,0.34
NSE:RAMSARUP,1.3,1.35,-3.7
NSE:INDORAMA,52.7,52.15,1.05
NSE:RAMKY-EQ,NaN,NaN,NaN
NSE:RAIN-EQ,NaN,NaN,NaN
NSE:RAMSARUP-BE,NaN,NaN,NaN
NSE:RALLIS,320.5,313.75,2.15
NSE:RADAAN-BE,NaN,NaN,NaN
NSE:RAMCOIND,303.25,298.15,1.71
NSE:INDORAMA-EQ,NaN,NaN,NaN
NSE:RANEENGINE,300.9,298.1,0.94
NSE:RAJSREESUG-EQ,NaN,NaN,NaN
NSE:RAMASTEEL-EQ,NaN,NaN,NaN
NSE:SRHHYPOLTD,354.35,354.7,-0.1
NSE:RTNINFRA-EQ,NaN,NaN,NaN
NSE:RASOYPR-EQ,NaN,NaN,NaN
NSE:RAMASTEEL-BE,NaN,NaN,NaN
NSE:RANKLIN,NaN,NaN,NaN
NSE:RTNINFRA,NaN,NaN,NaN
NSE:RBL-EQ,NaN,NaN,NaN
NSE:RANEHOLDIN,599.6,597.5,0.35
NSE:RML,411.9,411.35,0.13
NSE:RAIN,243.7,239.7,1.67
NSE:RAMCOSYS,478.55,472.05,1.38
NSE:RMCL,2.05,2.1,-2.38
NSE:RCOM,3.2,3.15,1.59
NSE:RDEL,NaN,NaN,NaN
NSE:RIIL,743.3,736.5,0.92
NSE:REDINGTON,155.05,153.25,1.17
NSE:RIIL-EQ,NaN,NaN,NaN
NSE:RICOAUTO,47.4,47.45,-0.11
NSE:ROLTA,5.7,5.65,0.88
NSE:SANGHIIND-BE,NaN,NaN,NaN
NSE:SURYAROSNI,708.3,704.8,0.5
NSE:ROSSELLIND,166.95,170.5,-2.08
NSE:RPPINFRA,64.1,62.75,2.15
NSE:RPGLIFE-EQ,NaN,NaN,NaN
NSE:RSYSTEMS,223.3,220.3,1.36
NSE:RSSOFTWARE,36.85,36.7,0.41
NSE:RSWM,360.95,354,1.96
NSE:RSDFSA27GR-MF,NaN,NaN,NaN
NSE:RUCHIRA,87.85,87.45,0.46
NSE:RUSHIL,253.95,253.45,0.2
NSE:RUPA,494,491.3,0.55
NSE:HOTELRUGBY-EQ,NaN,NaN,NaN
NSE:RUPA-EQ,NaN,NaN,NaN
NSE:RUCHINFRA-BE,NaN,NaN,NaN
NSE:RUBYMILLS,307,291.2,5.43
NSE:RUCHINFRA,7.1,6.95,2.16
NSE:HOTELRUGBY,2.95,2.85,3.51
NSE:SANGHIIND,68.75,68.8,-0.07
NSE:SAMTEL-BE,NaN,NaN,NaN
NSE:SAKSOFT,1071.4,1088.5,-1.57
NSE:SAREGAMA,4337,4337.5,-0.01
NSE:SAYAJIHOT,NaN,NaN,NaN
NSE:SUPER,NaN,NaN,NaN
NSE:SARTHAKIND-EQ,NaN,NaN,NaN
NSE:SAKSOFT-EQ,NaN,NaN,NaN
NSE:SAVERA,NaN,NaN,NaN
NSE:SANDESH,794.35,787.9,0.82
NSE:SANGAMIND,222.2,211.65,4.98
NSE:SALORAINTL-EQ,NaN,NaN,NaN
NSE:SAYAJIHOTL-BE,NaN,NaN,NaN
NSE:SETFBANK-EQ,NaN,NaN,NaN
NSE:SETFNIFJR-EQ,NaN,NaN,NaN
NSE:SETFNIFTY-EQ,NaN,NaN,NaN
NSE:SB&TINTL,NaN,NaN,NaN
NSE:THOMASCOTT,18.05,18.05,0
NSE:THOMASCOTT-EQ,NaN,NaN,NaN
NSE:MAHSCOOTER,4774.55,4751.9,0.48
NSE:THOMASCOTT-BE,NaN,NaN,NaN
NSE:SEQUENT,217,220.65,-1.65
NSE:CAMLINFINE-EQ,NaN,NaN,NaN
NSE:MAHSEAMLES,517.3,487.5,6.11
NSE:INVENTURE,2.65,2.55,3.92
NSE:SELMCL-EQ,NaN,NaN,NaN
NSE:SFCL-BE,NaN,NaN,NaN
NSE:SHYAMTEL,10.6,10.25,3.41
NSE:SHIVTEX,NaN,NaN,NaN
NSE:SHOPERSTOP,280.9,277.8,1.12
NSE:SHEMAROO-EQ,NaN,NaN,NaN
NSE:SHIVAMAUTO,30.65,32.1,-4.52
NSE:SHAIVAL-SM,NaN,NaN,NaN
NSE:LIBERTSHOE,181.75,179.9,1.03
NSE:SHOPERSTOP-EQ,NaN,NaN,NaN
NSE:RENUKA,30,29.75,0.84
NSE:VARUNSHIP-BZ,NaN,NaN,NaN
NSE:SHREYANIND-EQ,NaN,NaN,NaN
NSE:SHILPI,NaN,NaN,NaN
NSE:RENUKA-EQ,NaN,NaN,NaN
NSE:VARUNSHIP,NaN,NaN,NaN
NSE:STAR-IL,NaN,NaN,NaN
NSE:STAR,584.6,592.65,-1.36
NSE:SRTRANSFIN-EQ,NaN,NaN,NaN
NSE:SHREYANIND,130.1,128.55,1.21
NSE:SHRENUJ,NaN,NaN,NaN
NSE:SIMBHALS,29.7,29.5,0.68
NSE:SIMPLEXINF-EQ,NaN,NaN,NaN
NSE:SIYSIL,425.05,419.95,1.21
NSE:SIGNET,NaN,NaN,NaN
NSE:SIYSIL-EQ,NaN,NaN,NaN
NSE:SICAGEN,NaN,NaN,NaN
NSE:SIMPLEXCA,NaN,NaN,NaN
NSE:SIMBHSUGAR-EQ,NaN,NaN,NaN
NSE:SILINV,336,334.25,0.52
NSE:SIL-EQ,NaN,NaN,NaN
NSE:SINTEX,4.55,4.35,4.6
NSE:REISIXTEN,NaN,NaN,NaN
NSE:SIL,14.8,15,-1.33
NSE:SIMPLEXINF,44.95,44.65,0.67
NSE:SJVN,29.25,28.35,3.17
NSE:SKIPPER,80.75,81.55,-0.98
NSE:SKIL-EQ,NaN,NaN,NaN
NSE:SKSMICRO,NaN,NaN,NaN
NSE:SKIL,4.6,4.45,3.37
NSE:SKIPPER-EQ,NaN,NaN,NaN
NSE:SKIL-BE,NaN,NaN,NaN
NSE:SMSANCO,NaN,NaN,NaN
NSE:SMMOMAI,NaN,NaN,NaN
NSE:SMOPAL,NaN,NaN,NaN
NSE:SMSIIL,NaN,NaN,NaN
NSE:SMMITCON,NaN,NaN,NaN
NSE:SMTHEJO,NaN,NaN,NaN
NSE:SMVETO,NaN,NaN,NaN
NSE:SOLARINDS,2681.85,2532.45,5.9
NSE:INFINITE,NaN,NaN,NaN
NSE:CALSOFT-BE,NaN,NaN,NaN
NSE:TANLA-EQ,NaN,NaN,NaN
NSE:SOFTTECHGR-BE,NaN,NaN,NaN
NSE:SOFTTECHGR-EQ,NaN,NaN,NaN
NSE:COMPUSOFT,16.5,17.35,-4.9
NSE:SOMATEX-BE,NaN,NaN,NaN
NSE:SOMATEX-EQ,NaN,NaN,NaN
NSE:TELEDATAI,NaN,NaN,NaN
NSE:SURANASOL-EQ,NaN,NaN,NaN
NSE:COMPUSOFT-EQ,NaN,NaN,NaN
NSE:PRITHVI-BZ,NaN,NaN,NaN
NSE:CALSOFT,35.8,34.1,4.99
NSE:SOBHA,835.5,826.75,1.06
NSE:AURIONPRO,222,213.4,4.03
NSE:PRITHVISO,NaN,NaN,NaN
NSE:8KMILES,NaN,NaN,NaN
NSE:SOBHA-EQ,NaN,NaN,NaN
NSE:SONATSOFTW-EQ,NaN,NaN,NaN
NSE:SOMATEX,8.15,7.85,3.82
NSE:SURYAJYOTI-EQ,NaN,NaN,NaN
NSE:SPMLINFRA,11.1,10.8,2.78
NSE:SPENTEX,1.35,1.35,0
NSE:SPECIALITY,90.45,93.7,-3.47
NSE:SPLIL,46.5,46.15,0.76
NSE:VSSL,269.15,263.15,2.28
NSE:SRF,2382.8,2410.9,-1.17
NSE:SRICHAMUN,NaN,NaN,NaN
NSE:SREEL,183.65,178.25,3.03
NSE:SRGINFOTEC-EQ,NaN,NaN,NaN
NSE:SREINFRA,5.6,5.85,-4.27
NSE:SREEL-EQ,NaN,NaN,NaN
NSE:TVSSRICHAK,2520.05,2546.25,-1.03
NSE:SRGINFOTEC-BE,NaN,NaN,NaN
NSE:SRSLTD,NaN,NaN,NaN
NSE:SSLT,NaN,NaN,NaN
NSE:SSLT-EQ,NaN,NaN,NaN
NSE:STRTECH,NaN,NaN,NaN
NSE:STINDIA-BE,NaN,NaN,NaN
NSE:STINDIA,NaN,NaN,NaN
NSE:STAN-DR,NaN,NaN,NaN
NSE:STINDIA-EQ,NaN,NaN,NaN
NSE:VISASTEEL,13.75,13.1,4.96
NSE:STERTOOLS,204.5,205.6,-0.54
NSE:STEL-BE,NaN,NaN,NaN
NSE:STRTECH-EQ,NaN,NaN,NaN
NSE:PRAKASHSTL-EQ,NaN,NaN,NaN
NSE:STERTOOLS-EQ,NaN,NaN,NaN
NSE:STEL,172.65,172.8,-0.09
NSE:SUPREMEINF,18.55,19.5,-4.87
NSE:SUZLON,7.35,7.05,4.26
NSE:SUNTECK,506.35,509.55,-0.63
NSE:SUMEETINDS,8.7,8.7,0
NSE:SUNCLAYLTD,3744.75,3671.95,1.98
NSE:SUPRAJIT-EQ,NaN,NaN,NaN
NSE:SUPRAJIT,396.4,380.25,4.25
NSE:SUNDARAM-BE,NaN,NaN,NaN
NSE:SUPERHOUSE,185.45,185.55,-0.05
NSE:SUMMITSEC,764,766.15,-0.28
NSE:MAWANASUG,89.65,89.2,0.5
NSE:SUDAR,NaN,NaN,NaN
NSE:SUPREMEIND,2615,2578.2,1.43
NSE:SUPERHOUSE-EQ,NaN,NaN,NaN
NSE:SUPERSPIN,13.1,12.95,1.16
NSE:SURYALAXMI,66.5,63.4,4.89
NSE:SUDAR-BE,NaN,NaN,NaN
NSE:SURANAIND-BE,NaN,NaN,NaN
NSE:UTTAMSUGAR,190.15,190.55,-0.21
NSE:SUPREMETEX,NaN,NaN,NaN
NSE:SUJANATWR,NaN,NaN,NaN
NSE:UTTAMSUGAR-EQ,NaN,NaN,NaN
NSE:SUPERSPIN-EQ,NaN,NaN,NaN
NSE:UGARSUGAR-BE,NaN,NaN,NaN
NSE:SUNDARMFIN-EQ,NaN,NaN,NaN
NSE:WB3RG-MF,NaN,NaN,NaN
NSE:SUPREMETEX-BE,NaN,NaN,NaN
NSE:SURANACORP,NaN,NaN,NaN
NSE:SUJANATWR-EQ,NaN,NaN,NaN
NSE:SAKHTISUG-EQ,NaN,NaN,NaN
NSE:PARRYSUGAR-EQ,NaN,NaN,NaN
NSE:PARRYSUGAR,NaN,NaN,NaN
NSE:SUBEX,NaN,NaN,NaN
NSE:SUBEX-EQ,NaN,NaN,NaN
NSE:SUMEETINDS-EQ,NaN,NaN,NaN
NSE:SWANENERGY,133.65,131.5,1.63
NSE:VETO-SM,NaN,NaN,NaN
NSE:SWELECTES,275.3,280.55,-1.87
NSE:SYNGENE-EQ,NaN,NaN,NaN
NSE:TECPRO-BE,NaN,NaN,NaN
NSE:SYNGENE,615.75,612.75,0.49
NSE:TECPRO-EQ,NaN,NaN,NaN
NSE:BANSWRAS,197.7,195.55,1.1
NSE:SYNDIBANK-EQ,NaN,NaN,NaN
NSE:TECPRO-BZ,NaN,NaN,NaN
NSE:PRAENG,19.45,19.65,-1.02
NSE:SYNDIBANK,NaN,NaN,NaN
NSE:SYMPHONY-EQ,NaN,NaN,NaN
NSE:WEBELSOLAR-EQ,NaN,NaN,NaN
NSE:TALBROAUTO,287,289,-0.69
NSE:TATAMETALI,1093.55,1076.6,1.57
NSE:TARMAT,67.3,68.55,-1.82
NSE:TANTIACONS-EQ,NaN,NaN,NaN
NSE:TALBROAUTO-EQ,NaN,NaN,NaN
NSE:TNTELE,9.6,9.55,0.52
NSE:TTML-EQ,NaN,NaN,NaN
NSE:TATAINVEST,1688.05,1668.75,1.16
NSE:TANTIACONS,7.15,7.35,-2.72
NSE:TANTIACON,NaN,NaN,NaN
NSE:TATACOFFEE,236.7,230.45,2.71
NSE:TATAINVEST-EQ,NaN,NaN,NaN
NSE:TANLA,942,922.45,2.12
NSE:TARAPUR,4,4,0
NSE:TCPLTD,NaN,NaN,NaN
NSE:TCPLTD-BE,NaN,NaN,NaN
NSE:TCIFINANCE-EQ,NaN,NaN,NaN
NSE:TCIDEVELOP-EQ,NaN,NaN,NaN
NSE:TEAMLEASE,4950,4982.45,-0.65
NSE:CASTEXTECH-EQ,NaN,NaN,NaN
NSE:TIIL,888,903.85,-1.75
NSE:VTL-EQ,NaN,NaN,NaN
NSE:TFL,6.2,6.05,2.48
NSE:TFL-EQ,NaN,NaN,NaN
NSE:THOMASCOOK-EQ,NaN,NaN,NaN
NSE:INDOTHAI,94.3,92.7,1.73
NSE:TIMETECHNO,74.7,75.95,-1.65
NSE:TIL,182,181.95,0.03
NSE:TIL-EQ,NaN,NaN,NaN
NSE:TIMKEN,1835.75,1843.6,-0.43
NSE:TIIL-EQ,NaN,NaN,NaN
NSE:TIPSINDLTD,1434.95,1389.15,3.3
NSE:TIMBOR,NaN,NaN,NaN
NSE:MANGTIMBER-EQ,NaN,NaN,NaN
NSE:TIMBOR-BE,NaN,NaN,NaN
NSE:TIMKEN-EQ,NaN,NaN,NaN
NSE:TIPSINDLTD-EQ,NaN,NaN,NaN
NSE:TWL,100.05,101.1,-1.04
NSE:TITAN-IL,NaN,NaN,NaN
NSE:VSTTILLERS-EQ,NaN,NaN,NaN
NSE:TODAYS-BE,NaN,NaN,NaN
NSE:TOKYOPLAST-EQ,NaN,NaN,NaN
NSE:TOKYOPLAST,102.8,104.4,-1.53
NSE:TPLPLASTEH-EQ,NaN,NaN,NaN
NSE:TPLPLASTEH,174.75,172.9,1.07
NSE:TRICOM,NaN,NaN,NaN
NSE:TRIL,30.65,30.05,2
NSE:TRIVENI,210.05,201.2,4.4
NSE:TRICOM-BE,NaN,NaN,NaN
NSE:TRIGYN-EQ,NaN,NaN,NaN
NSE:TTL-EQ,NaN,NaN,NaN
NSE:TTL,76.75,77.85,-1.41
NSE:TULIP-BZ,NaN,NaN,NaN
NSE:TRITURBINE,166.5,168.55,-1.22
NSE:UBENGG-BZ,NaN,NaN,NaN
NSE:UBHOLDINGS-EQ,NaN,NaN,NaN
NSE:UCOBANK,14.55,14.3,1.75
NSE:UFLEX-EQ,NaN,NaN,NaN
NSE:UJAAS-EQ,NaN,NaN,NaN
NSE:UJAAS,3.45,3.3,4.55
NSE:CARBORUNIV-EQ,NaN,NaN,NaN
NSE:UNITY,NaN,NaN,NaN
NSE:UNIPLY-EQ,NaN,NaN,NaN
NSE:CARBORUNIV,902.55,883.1,2.2
NSE:UNIVCABLES,177,175.65,0.77
NSE:MAYURUNIQ,481.9,478.15,0.78
NSE:UNITECH-EQ,NaN,NaN,NaN
NSE:UPL-EQ,NaN,NaN,NaN
NSE:URRAP19P10-MF,NaN,NaN,NaN
NSE:UTINIFTETF-EQ,NaN,NaN,NaN
NSE:UTISENSETF-EQ,NaN,NaN,NaN
NSE:VTL,2052.9,2033.05,0.98
NSE:VAKRANGEE-EQ,NaN,NaN,NaN
NSE:VASCONEQ-EQ,NaN,NaN,NaN
NSE:VAKRANGEE,43.75,44.3,-1.24
NSE:VASWANI-BE,NaN,NaN,NaN
NSE:VARUN-BZ,NaN,NaN,NaN
NSE:WABAG,345.55,344.7,0.25
NSE:VALUEIND,NaN,NaN,NaN
NSE:VENUSREM,468.05,412.6,13.44
NSE:SPECTACLE-BE,NaN,NaN,NaN
NSE:VENKEYS,3148.85,3183.4,-1.09
NSE:VEDL-EQ,NaN,NaN,NaN
NSE:VENUSREM-EQ,NaN,NaN,NaN
NSE:VEDL,364.15,331.9,9.72
NSE:MAGNUM-EQ,NaN,NaN,NaN
NSE:VGUARD,263.6,262.9,0.27
NSE:VISESHINFO,0.25,0.2,25
NSE:VISHNU-EQ,NaN,NaN,NaN
NSE:VIPUL,NaN,NaN,NaN
NSE:VISESHINFO-EQ,NaN,NaN,NaN
NSE:VINDHYATEL,1189.2,1191.25,-0.17
NSE:VINDHYATEL-EQ,NaN,NaN,NaN
NSE:VINYLINDIA-EQ,NaN,NaN,NaN
NSE:VICEROY,4.4,4.2,4.76
NSE:VIJAYABANK-EQ,NaN,NaN,NaN
NSE:VISHNU,719,730.95,-1.63
NSE:VIPULLTD,30.7,30.05,2.16
NSE:VIJAYABANK,NaN,NaN,NaN
NSE:VISUINTL-BE,NaN,NaN,NaN
NSE:VKSPL-EQ,NaN,NaN,NaN
NSE:VLSFINANCE-EQ,NaN,NaN,NaN
NSE:VMART-IL,NaN,NaN,NaN
NSE:VMART-EQ,NaN,NaN,NaN
NSE:VOLTAMP-EQ,NaN,NaN,NaN
NSE:VTMLTD,NaN,NaN,NaN
NSE:WABCOINDIA-EQ,NaN,NaN,NaN
NSE:WALCHANNAG-EQ,NaN,NaN,NaN
NSE:WANBURY-BE,NaN,NaN,NaN
NSE:WALCHANNAG,55.2,54.05,2.13
NSE:WELPROJ,NaN,NaN,NaN
NSE:WELCORP,150.1,147.7,1.62
NSE:WEALTH-SM,NaN,NaN,NaN
NSE:WEIZMANIND,58.15,61.2,-4.98
NSE:WELENT-EQ,NaN,NaN,NaN
NSE:WHEELS,792,791.05,0.12
NSE:INOXWIND-EQ,NaN,NaN,NaN
NSE:PRECWIRE,257.45,254.7,1.08
NSE:INOXWIND,129.95,129.1,0.66
NSE:WINDMACHIN,32.8,33.05,-0.76
NSE:KRISHNAENG-EQ,NaN,NaN,NaN
NSE:WONDERLA-EQ,NaN,NaN,NaN
NSE:WSI,7.55,7.2,4.86
NSE:ADANITRANS-EQ,NaN,NaN,NaN
NSE:ADI,NaN,NaN,NaN
NSE:AUSTRAL,NaN,NaN,NaN
NSE:AUSOMENT,66.9,66.25,0.98
NSE:AUTOIND,61.05,62.3,-2.01
NSE:HONAUT,44450,44648.7,-0.45
NSE:AUTOLITIND-EQ,NaN,NaN,NaN
NSE:BAJAJFINSV,18982.9,18488.9,2.67
NSE:BALAJITELE,66.7,66.05,0.98
NSE:BALKRISIND-EQ,NaN,NaN,NaN
NSE:BALRAMCHIN,380.05,378.1,0.52
NSE:BALKRISIND-BE,NaN,NaN,NaN
NSE:BALKRISIND,2607.6,2596,0.45
NSE:CORPBANK,NaN,NaN,NaN
NSE:INDBANK,25.55,25.05,2
NSE:INDUSINDBK-IL,NaN,NaN,NaN
NSE:BARTRONICS,4.05,4,1.25
NSE:BARTRONICS-EQ,NaN,NaN,NaN
NSE:BATAINDIA,2174.3,2118.15,2.65
NSE:BEARDSELL-BT,NaN,NaN,NaN
NSE:BEARDSELL,14.1,14.35,-1.74
NSE:BANARBEADS-EQ,NaN,NaN,NaN
NSE:MENONBE-EQ,NaN,NaN,NaN
NSE:BRANDHOUSE-BZ,NaN,NaN,NaN
NSE:BRANDHOUSE-EQ,NaN,NaN,NaN
NSE:BRANDHOUSE,NaN,NaN,NaN
NSE:BRIGADE,460.25,461.95,-0.37
NSE:BRITANNIA,3896.25,3894.85,0.04
NSE:BROADCAST-EQ,NaN,NaN,NaN
NSE:CORDSCABLE-EQ,NaN,NaN,NaN
NSE:FINCABLES,491.75,490.55,0.24
NSE:CORDSCABLE,58,57.95,0.09
NSE:PRECAM,108.55,110.15,-1.45
NSE:CANTABIL,600,605.4,-0.89
NSE:CANTABIL-EQ,NaN,NaN,NaN
NSE:CANFINHOME,708.3,699.5,1.26
NSE:CANDC-EQ,NaN,NaN,NaN
NSE:CAPF,NaN,NaN,NaN
NSE:RELCAPITAL,22.25,22.05,0.91
NSE:CASTEXTECH-BE,NaN,NaN,NaN
NSE:CASTROLIND-EQ,NaN,NaN,NaN
NSE:MANGCHEFER,74.6,74.15,0.61
NSE:CHROMATIC-EQ,NaN,NaN,NaN
NSE:COALINDIA,185.9,183.8,1.14
NSE:MANAKCOAT,18.55,18.5,0.27
NSE:SAMTEL,NaN,NaN,NaN
NSE:SAMTEL-EQ,NaN,NaN,NaN
NSE:COLPAL,1686.65,1681.2,0.32
NSE:MITCON-SM,NaN,NaN,NaN
NSE:THOMASCOOK,82.6,80.6,2.48
NSE:COSMOFILMS,1655,1638.35,1.02
NSE:SALONACOT,NaN,NaN,NaN
NSE:SALONACOT-EQ,NaN,NaN,NaN
NSE:DELTAMAGNT,70.5,70.7,-0.28
NSE:DELTACORP-EQ,NaN,NaN,NaN
NSE:DENABANK,NaN,NaN,NaN
NSE:DENABANK-EQ,NaN,NaN,NaN
NSE:MASTEK-BE,NaN,NaN,NaN
NSE:ENERGYDEV-BE,NaN,NaN,NaN
NSE:MAHLIFE-EQ,NaN,NaN,NaN
NSE:INDOWIND,9.05,8.9,1.69
NSE:INDOWIND-BE,NaN,NaN,NaN
NSE:ENGINERSIN,79.3,77.85,1.86
NSE:TECHNOFAB,6.15,6.4,-3.91
NSE:TECHNOFAB-EQ,NaN,NaN,NaN
NSE:A2ZINFRA-EQ,NaN,NaN,NaN
NSE:THEJO-SM,NaN,NaN,NaN
NSE:ENTEGRA-EQ,NaN,NaN,NaN
NSE:ENTEGRA-BE,NaN,NaN,NaN
NSE:FIEMIND,1277.85,1266.4,0.9
NSE:INDUSFILA-BZ,NaN,NaN,NaN
NSE:FINPIPE,229.7,228.3,0.61
NSE:MAGMA-EQ,NaN,NaN,NaN
NSE:MICROSEC,NaN,NaN,NaN
NSE:L&TFH,95,94.35,0.69
NSE:REPCOHOME-EQ,NaN,NaN,NaN
NSE:GRUH,NaN,NaN,NaN
NSE:REPCOHOME,324.55,324.15,0.12
NSE:MANAPPURAM-EQ,NaN,NaN,NaN
NSE:MICROSEC-EQ,NaN,NaN,NaN
NSE:MANAPPURAM,199.4,195.3,2.1
NSE:LICHSGFIN-EQ,NaN,NaN,NaN
NSE:GRASIM-EQ,NaN,NaN,NaN
NSE:GRASIM,1782.4,1752.5,1.71
NSE:GRAPHITE,602.85,602,0.14
NSE:GREENLAM,1396.2,1404.1,-0.56
NSE:GREENLAM-BE,NaN,NaN,NaN
NSE:GREENPLY,205.2,195.45,4.99
NSE:GREENLAM-EQ,NaN,NaN,NaN
NSE:GRPLTD,961.5,963.15,-0.17
NSE:INDHOTEL,232.4,229.55,1.24
NSE:HOVS,56.85,56.6,0.44
NSE:INNOIND-BZ,NaN,NaN,NaN
NSE:INNOIND,NaN,NaN,NaN
NSE:REMSONSIND,245,239.05,2.49
NSE:3MINDIA,25949.9,26013.1,-0.24
NSE:INSECTICID,705.7,706.8,-0.16
NSE:LINDEINDIA,2605.7,2608.4,-0.1
NSE:SAMINDUS,NaN,NaN,NaN
NSE:REPRO-EQ,NaN,NaN,NaN
NSE:RESPONIND,125.65,126.4,-0.59
NSE:INDOSOLAR,3.05,2.95,3.39
NSE:INDSWFTLTD-EQ,NaN,NaN,NaN
NSE:INFY,1764.1,1715.75,2.82
NSE:MERCATOR-EQ,NaN,NaN,NaN
NSE:PRECOT-EQ,NaN,NaN,NaN
NSE:REGENCERAM-BE,NaN,NaN,NaN
NSE:V2RETAIL,202.7,193.05,5
NSE:3IINFOTECH-EQ,NaN,NaN,NaN
NSE:LICNETFN50,196.99,193.68,1.71
NSE:3IINFOTECH-BE,NaN,NaN,NaN
NSE:RELDIVOPP-EQ,NaN,NaN,NaN
NSE:INFOBEANS-IT,NaN,NaN,NaN
NSE:SADBHIN,17.35,16.9,2.66
NSE:LICNFENGP-EQ,NaN,NaN,NaN
NSE:RELCONS-EQ,NaN,NaN,NaN
NSE:TEXINFRA,59.05,59.3,-0.42
NSE:MELSTAR-EQ,NaN,NaN,NaN
NSE:RELNV20-EQ,NaN,NaN,NaN
NSE:LICNETFGSC,23.27,23.03,1.04
NSE:LICNMFET-EQ,NaN,NaN,NaN
NSE:SADBHIN-EQ,NaN,NaN,NaN
NSE:3IINFOTECH,84.5,8.45,900
NSE:INFOMEDIA-EQ,NaN,NaN,NaN
NSE:LICNETFGSC-EQ,NaN,NaN,NaN
NSE:V2RETAIL-BE,NaN,NaN,NaN
NSE:SANOFI,8220,8161.65,0.71
NSE:SANCO-SM,NaN,NaN,NaN
NSE:THEMISMED-EQ,NaN,NaN,NaN
NSE:TRIDENT,40.35,38.45,4.94
NSE:MANAKINDST,NaN,NaN,NaN
NSE:PALRED-EQ,NaN,NaN,NaN
NSE:MERCATOR,1.75,1.75,0
NSE:INSECTICI,NaN,NaN,NaN
NSE:COROMANDEL-EQ,NaN,NaN,NaN
NSE:SEINV,NaN,NaN,NaN
NSE:LINDEINDIA-EQ,NaN,NaN,NaN
NSE:MADHUCON,5.65,5.6,0.89
NSE:M&M,928.95,931.4,-0.26
NSE:MAJESCO-BE,NaN,NaN,NaN
NSE:MAJESCO-EQ,NaN,NaN,NaN
NSE:MANAKSIA,69.25,66.95,3.44
NSE:MANINDS-EQ,NaN,NaN,NaN
NSE:SELMCL,NaN,NaN,NaN
NSE:MANDHANA,NaN,NaN,NaN
NSE:MANAKSTEEL-EQ,NaN,NaN,NaN
NSE:MANUGRAPH,12.35,12.45,-0.8
NSE:MANAKSTEEL-BE,NaN,NaN,NaN
NSE:MAXWELL-EQ,NaN,NaN,NaN
NSE:MAXWELL,NaN,NaN,NaN
NSE:SAMBHAAV-EQ,NaN,NaN,NaN
NSE:THEMISMED,994,988.9,0.52
NSE:MERCK,NaN,NaN,NaN
NSE:SAMBANDAM,NaN,NaN,NaN
NSE:MINDACORP-EQ,NaN,NaN,NaN
NSE:PAEL,7,7,0
NSE:PRATIBHA-EQ,NaN,NaN,NaN
NSE:PRAKASH,75.7,75.75,-0.07
NSE:PRICOL-EQ,NaN,NaN,NaN
NSE:PROZONINTU,29.8,30.2,-1.32
NSE:REDINGTON-EQ,NaN,NaN,NaN
NSE:REFEX,146.5,147.9,-0.95
NSE:REMSONSIN,NaN,NaN,NaN
NSE:REPRO,566,561,0.89
NSE:SANGAMIND-EQ,NaN,NaN,NaN
NSE:SEAMECLTD-EQ,NaN,NaN,NaN
NSE:SEAMECLTD,1235,1214.2,1.71
NSE:SPLIL-EQ,NaN,NaN,NaN
NSE:STCINDIA-EQ,NaN,NaN,NaN
NSE:INDOTECH,176,174.3,0.98
NSE:INDOTHAI-EQ,NaN,NaN,NaN
NSE:INDSWFTLTD-BE,NaN,NaN,NaN
NSE:INDSWFTLTD,15.85,15.1,4.97
